Row,pedigree,KRN,CL,CD,CW,KC,TKW,AKW,I,Pedigree,Genotype,FBNote,Farm
6512,11-6512-10@,22,52,2.9,8.2,NA,NA,NA,LC,Ac4546,BSLE(M-S)C30,Agron Hall Ac Seed,Curtiss
6512,11-6512-11@,20,178,2.7,20.73,NA,NA,NA,LC,Ac4546,BSLE(M-S)C30,Agron Hall Ac Seed,Curtiss
6512,11-6512-3@,20,160,2.9,32.87,NA,NA,NA,LC,Ac4546,BSLE(M-S)C30,Agron Hall Ac Seed,Curtiss
6512,11-6512-5@,20,169,2.3,22.27,NA,NA,NA,LC,Ac4546,BSLE(M-S)C30,Agron Hall Ac Seed,Curtiss
6512,11-6512-7@,18,91,2.6,12.86,NA,NA,NA,LC,Ac4546,BSLE(M-S)C30,Agron Hall Ac Seed,Curtiss
6512,11-6512-9@,20,135,2.7,25.87,NA,NA,NA,LC,Ac4546,BSLE(M-S)C30,Agron Hall Ac Seed,Curtiss
6512,6512-4,22,188.89,NA,NA,928,228.27,0.245980603,LC,Ac4546,BSLE(M-S)C30,Agron Hall Ac Seed,Curtiss
6512,6512-6,20,150.54,NA,NA,489,125.96,0.257586912,LC,Ac4546,BSLE(M-S)C30,Agron Hall Ac Seed,Curtiss
6512,6512-8,26,196.07,NA,NA,730,189.08,0.259013699,LC,Ac4546,BSLE(M-S)C30,Agron Hall Ac Seed,Curtiss
6512,6512-1,22,192.6,NA,NA,833,213.49,0.256290516,LC,Ac4546,BSLE(M-S)C30,Agron Hall Ac Seed,Curtiss
6512,6512-2,18,170.86,NA,NA,581,179.46,0.308881239,LC,Ac4546,BSLE(M-S)C30,Agron Hall Ac Seed,Curtiss
6513,11-6513-1@,16,142,2.6,24.06,NA,NA,NA,LC,Ac4546,BSLE(M-S)C30,Agron Hall Ac Seed,Curtiss
6513,11-6513-5@,20,151,3,42.09,NA,NA,NA,LC,Ac4546,BSLE(M-S)C30,Agron Hall Ac Seed,Curtiss
6513,6513-3,24,200.04,NA,NA,936,221.42,0.236559829,LC,Ac4546,BSLE(M-S)C30,Agron Hall Ac Seed,Curtiss
6513,6513-2,16,199.49,NA,NA,NA,NA,NA,LC,Ac4546,BSLE(M-S)C30,Agron Hall Ac Seed,Curtiss
6513,11-6513-6@,20,156,2.6,23.71,NA,NA,NA,LC,Ac4546,BSLE(M-S)C30,Agron Hall Ac Seed,Curtiss
6514,11-6514-1@,20,76,3.5,24.15,NA,NA,NA,LC,Ac4546,BSLE(M-S)C30,Agron Hall Ac Seed,Curtiss
6514,11-6514-5@,20,130,3,21.56,NA,NA,NA,LC,Ac4546,BSLE(M-S)C30,Agron Hall Ac Seed,Curtiss
6514,11-6514-9@,22,92,2,13.39,NA,NA,NA,LC,Ac4546,BSLE(M-S)C30,Agron Hall Ac Seed,Curtiss
6514,11-6514-11@,20,69,3,12.19,NA,NA,NA,LC,Ac4546,BSLE(M-S)C30,Agron Hall Ac Seed,Curtiss
6514,6514-7,20,168.64,NA,NA,705,197.42,0.280028369,LC,Ac4546,BSLE(M-S)C30,Agron Hall Ac Seed,Curtiss
6514,11-6514-8@,24,140,2.9,29.5,NA,NA,NA,LC,Ac4546,BSLE(M-S)C30,Agron Hall Ac Seed,Curtiss
6514,11-6514-10@,20,125,2.6,14.94,NA,NA,NA,LC,Ac4546,BSLE(M-S)C30,Agron Hall Ac Seed,Curtiss
6514,6514-2,20,133,NA,NA,543,137.57,0.25335175,LC,Ac4546,BSLE(M-S)C30,Agron Hall Ac Seed,Curtiss
6514,6514-6,16,25.17,NA,NA,NA,NA,NA,LC,Ac4546,BSLE(M-S)C30,Agron Hall Ac Seed,Curtiss
6514,6514-4,16,153.92,NA,NA,NA,NA,NA,LC,Ac4546,BSLE(M-S)C30,Agron Hall Ac Seed,Curtiss
6515,11-6515-1@,16,88,3,19.76,NA,NA,NA,LC,Ac4546,BSLE(M-S)C30,Agron Hall Ac Seed,Curtiss
6515,6515-4,24,146.06,NA,NA,557,142.47,0.255780969,LC,Ac4546,BSLE(M-S)C30,Agron Hall Ac Seed,Curtiss
6515,6515-5,20,52.35,NA,NA,2,0.27,0.135,LC,Ac4546,BSLE(M-S)C30,Agron Hall Ac Seed,Curtiss
6515,11-6515-7@,18,142,2.5,24.8,NA,NA,NA,LC,Ac4546,BSLE(M-S)C30,Agron Hall Ac Seed,Curtiss
6515,11-6515-8@,20,43,3.2,5.3,NA,NA,NA,LC,Ac4546,BSLE(M-S)C30,Agron Hall Ac Seed,Curtiss
6515,6515-2,18,118.15,NA,NA,245,56.75,0.231632653,LC,Ac4546,BSLE(M-S)C30,Agron Hall Ac Seed,Curtiss
6516,11-6516-3@,20,131,2.4,25.86,NA,NA,NA,LC,Ac4546,BSLE(M-S)C30,Agron Hall Ac Seed,Curtiss
6516,6516-10,16,179.28,NA,NA,701,191.06,0.272553495,LC,Ac4546,BSLE(M-S)C30,Agron Hall Ac Seed,Curtiss
6516,6516-5,16,110.81,NA,NA,272,76.68,0.281911765,LC,Ac4546,BSLE(M-S)C30,Agron Hall Ac Seed,Curtiss
6516,6516-1,18,131.6,NA,NA,NA,NA,NA,LC,Ac4546,BSLE(M-S)C30,Agron Hall Ac Seed,Curtiss
6516,11-6516-4@,18,59,2.8,13.7,NA,NA,NA,LC,Ac4546,BSLE(M-S)C30,Agron Hall Ac Seed,Curtiss
6516,11-6516-6@,20,100,3.3,26.91,NA,NA,NA,LC,Ac4546,BSLE(M-S)C30,Agron Hall Ac Seed,Curtiss
6516,11-6516-8@,22,57,3,7.7,NA,NA,NA,LC,Ac4546,BSLE(M-S)C30,Agron Hall Ac Seed,Curtiss
6516,6516-7,16,52.16,NA,NA,47,12.76,0.271489362,LC,Ac4546,BSLE(M-S)C30,Agron Hall Ac Seed,Curtiss
6516,6516-9,20,158.63,NA,NA,NA,NA,NA,LC,Ac4546,BSLE(M-S)C30,Agron Hall Ac Seed,Curtiss
6517,11-6517-7@,16,164,2.5,29.89,NA,NA,NA,LC,Ac4546,BSLE(M-S)C30,Agron Hall Ac Seed,Curtiss
6517,11-6517-8@,18,132,2.5,33.08,NA,NA,NA,LC,Ac4546,BSLE(M-S)C30,Agron Hall Ac Seed,Curtiss
6517,11-6517-10@,20,140,2.4,23.94,NA,NA,NA,LC,Ac4546,BSLE(M-S)C30,Agron Hall Ac Seed,Curtiss
6517,11-6517-5@,16,157,2.4,28,NA,NA,NA,LC,Ac4546,BSLE(M-S)C30,Agron Hall Ac Seed,Curtiss
6517,11-6517-9@,18,93,2.6,14.12,NA,NA,NA,LC,Ac4546,BSLE(M-S)C30,Agron Hall Ac Seed,Curtiss
6517,11-6517-2@,20,140,2.6,37.22,NA,NA,NA,LC,Ac4546,BSLE(M-S)C30,Agron Hall Ac Seed,Curtiss
6517,11-6517-4@,20,106,2.7,22.73,NA,NA,NA,LC,Ac4546,BSLE(M-S)C30,Agron Hall Ac Seed,Curtiss
6517,11-6517-1@,22,176,2.4,32.31,NA,NA,NA,LC,Ac4546,BSLE(M-S)C30,Agron Hall Ac Seed,Curtiss
6517,11-6517-6@,20,117,2.6,17.73,NA,NA,NA,LC,Ac4546,BSLE(M-S)C30,Agron Hall Ac Seed,Curtiss
6518,6518-7,18,136.73,NA,NA,385,131.44,0.341402597,LC,Ac4546,BSLE(M-S)C30,Agron Hall Ac Seed,Curtiss
6518,11-6518-10@,14,52,1.5,3.35,NA,NA,NA,LC,Ac4546,BSLE(M-S)C30,Agron Hall Ac Seed,Curtiss
6518,11-6518-1@,18,72,1.4,2.45,NA,NA,NA,LC,Ac4546,BSLE(M-S)C30,Agron Hall Ac Seed,Curtiss
6518,11-6518-2@,22,149,2.6,34.56,NA,NA,NA,LC,Ac4546,BSLE(M-S)C30,Agron Hall Ac Seed,Curtiss
6518,11-6518-5@,NA,120,3.1,29.45,NA,NA,NA,LC,Ac4546,BSLE(M-S)C30,Agron Hall Ac Seed,Curtiss
6518,11-6518-4@,20,129,3,21.56,NA,NA,NA,LC,Ac4546,BSLE(M-S)C30,Agron Hall Ac Seed,Curtiss
6518,11-6518-5,20,NA,NA,NA,NA,NA,NA,LC,Ac4546,BSLE(M-S)C30,Agron Hall Ac Seed,Curtiss
6518,11-6518-6@,16,149,2.6,27.37,NA,NA,NA,LC,Ac4546,BSLE(M-S)C30,Agron Hall Ac Seed,Curtiss
6518,6518-8,22,199.25,NA,NA,658,206.35,0.313601824,LC,Ac4546,BSLE(M-S)C30,Agron Hall Ac Seed,Curtiss
6518,11-6518-9@,20,137,3,33.59,NA,NA,NA,LC,Ac4546,BSLE(M-S)C30,Agron Hall Ac Seed,Curtiss
6519,11-6519-3@,20,155,2.5,24.63,NA,NA,NA,LC,Ac4546,BSLE(M-S)C30,Agron Hall Ac Seed,Curtiss
6519,11-6519-6@,16,147,2.4,25.75,NA,NA,NA,LC,Ac4546,BSLE(M-S)C30,Agron Hall Ac Seed,Curtiss
6519,11-6519-7@,22,90,3.1,26.27,NA,NA,NA,LC,Ac4546,BSLE(M-S)C30,Agron Hall Ac Seed,Curtiss
6519,6519-2,18,240.49,NA,NA,689,199.42,0.289433962,LC,Ac4546,BSLE(M-S)C30,Agron Hall Ac Seed,Curtiss
6519,6519-9,18,191.68,NA,NA,883,214.5,0.242921857,LC,Ac4546,BSLE(M-S)C30,Agron Hall Ac Seed,Curtiss
6519,11-6519-1@,24,80,2.6,15.22,NA,NA,NA,LC,Ac4546,BSLE(M-S)C30,Agron Hall Ac Seed,Curtiss
6519,11-6519-10@,18,177,2.6,33.12,NA,NA,NA,LC,Ac4546,BSLE(M-S)C30,Agron Hall Ac Seed,Curtiss
6519,11-6519-8@,20,137,2.3,23.96,NA,NA,NA,LC,Ac4546,BSLE(M-S)C30,Agron Hall Ac Seed,Curtiss
6520,11-6520-6@,18,134,2.4,13.76,NA,NA,NA,LC,Ac4546,BSLE(M-S)C30,Agron Hall Ac Seed,Curtiss
6520,11-6520-7@,18,171,2.6,27.11,NA,NA,NA,LC,Ac4546,BSLE(M-S)C30,Agron Hall Ac Seed,Curtiss
6520,6520-9,18,68.12,NA,NA,NA,NA,NA,LC,Ac4546,BSLE(M-S)C30,Agron Hall Ac Seed,Curtiss
6520,11-6520-4@,16,143,2.7,28.39,NA,NA,NA,LC,Ac4546,BSLE(M-S)C30,Agron Hall Ac Seed,Curtiss
6520,6520-11,22,99.83,NA,NA,NA,NA,NA,LC,Ac4546,BSLE(M-S)C30,Agron Hall Ac Seed,Curtiss
6520,11-6520-2@,18,157,2.5,34.49,NA,NA,NA,LC,Ac4546,BSLE(M-S)C30,Agron Hall Ac Seed,Curtiss
6520,11-6520-5@,18,142,2.4,25.84,NA,NA,NA,LC,Ac4546,BSLE(M-S)C30,Agron Hall Ac Seed,Curtiss
6520,11-6520-10@,20,91,2.7,10.65,NA,NA,NA,LC,Ac4546,BSLE(M-S)C30,Agron Hall Ac Seed,Curtiss
6520,6520-12,16,212.43,NA,NA,605,176.22,0.291272727,LC,Ac4546,BSLE(M-S)C30,Agron Hall Ac Seed,Curtiss
6520,6520-8,16,147.62,NA,NA,249,77.46,0.311084337,LC,Ac4546,BSLE(M-S)C30,Agron Hall Ac Seed,Curtiss
6520,6520-1,18,138.19,NA,NA,607,149.23,0.245848435,LC,Ac4546,BSLE(M-S)C30,Agron Hall Ac Seed,Curtiss
6521,11-6521-4@,20,93,2.8,22.75,NA,NA,NA,LC,Ac4546,BSLE(M-S)C30,Agron Hall Ac Seed,Curtiss
6521,11-6521-8@,18,132,2.9,30.18,NA,NA,NA,LC,Ac4546,BSLE(M-S)C30,Agron Hall Ac Seed,Curtiss
6521,11-6521-5@,20,76,2.3,11.4,NA,NA,NA,LC,Ac4546,BSLE(M-S)C30,Agron Hall Ac Seed,Curtiss
6521,11-6521-3@,16,130,2.7,22.73,NA,NA,NA,LC,Ac4546,BSLE(M-S)C30,Agron Hall Ac Seed,Curtiss
6521,11-6521-11,20,NA,NA,NA,NA,NA,NA,LC,Ac4546,BSLE(M-S)C30,Agron Hall Ac Seed,Curtiss
6521,6521-2,22,127.35,NA,NA,492,133.6,0.271544715,LC,Ac4546,BSLE(M-S)C30,Agron Hall Ac Seed,Curtiss
6521,11-6521-7@,18,139,3.1,44.09,NA,NA,NA,LC,Ac4546,BSLE(M-S)C30,Agron Hall Ac Seed,Curtiss
6521,11-6521-11@,NA,117,2.5,17.77,NA,NA,NA,LC,Ac4546,BSLE(M-S)C30,Agron Hall Ac Seed,Curtiss
6521,11-6521-6@,18,137,2.8,38.27,NA,NA,NA,LC,Ac4546,BSLE(M-S)C30,Agron Hall Ac Seed,Curtiss
6521,6521-9,18,53.57,NA,NA,114,34.48,0.30245614,LC,Ac4546,BSLE(M-S)C30,Agron Hall Ac Seed,Curtiss
6522,11-6522-7@,18,117,2.3,15.24,NA,NA,NA,LC,Ac4546,BSLE(M-S)C30,Agron Hall Ac Seed,Curtiss
6522,11-6522-1@,18,104,2.5,12.82,NA,NA,NA,LC,Ac4546,BSLE(M-S)C30,Agron Hall Ac Seed,Curtiss
6522,6522-8,20,210.88,NA,NA,801,189.19,0.23619226,LC,Ac4546,BSLE(M-S)C30,Agron Hall Ac Seed,Curtiss
6522,11-6522-9@,20,142,2.9,40.62,NA,NA,NA,LC,Ac4546,BSLE(M-S)C30,Agron Hall Ac Seed,Curtiss
6522,11-6522-3@,20,62,2.7,13.01,NA,NA,NA,LC,Ac4546,BSLE(M-S)C30,Agron Hall Ac Seed,Curtiss
6522,11-6522-11@,20,111,2.1,11.38,NA,NA,NA,LC,Ac4546,BSLE(M-S)C30,Agron Hall Ac Seed,Curtiss
6522,6522-2,20,225.36,NA,NA,896,250.57,0.279654018,LC,Ac4546,BSLE(M-S)C30,Agron Hall Ac Seed,Curtiss
6522,11-6522-5@,22,120,2.8,21.4,NA,NA,NA,LC,Ac4546,BSLE(M-S)C30,Agron Hall Ac Seed,Curtiss
6523,11-6523-4@,20,116,2.8,32.14,NA,NA,NA,LC,Ac4546,BSLE(M-S)C30,Agron Hall Ac Seed,Curtiss
6523,6523-3,20,70.17,NA,NA,129,31.56,0.244651163,LC,Ac4546,BSLE(M-S)C30,Agron Hall Ac Seed,Curtiss
6523,6523-1,18,187.69,NA,NA,796,208.02,0.261331658,LC,Ac4546,BSLE(M-S)C30,Agron Hall Ac Seed,Curtiss
6523,11-6523-8@,20,125,3,26.68,NA,NA,NA,LC,Ac4546,BSLE(M-S)C30,Agron Hall Ac Seed,Curtiss
6523,11-6523-7@,20,129,2.6,27.05,NA,NA,NA,LC,Ac4546,BSLE(M-S)C30,Agron Hall Ac Seed,Curtiss
6523,6523-5,22,52.48,NA,NA,80,17.44,0.218,LC,Ac4546,BSLE(M-S)C30,Agron Hall Ac Seed,Curtiss
6523,6523-6,24,91.82,NA,NA,430,121.18,0.281813953,LC,Ac4546,BSLE(M-S)C30,Agron Hall Ac Seed,Curtiss
6523,11-6523-10@,26,125,2.9,18.74,NA,NA,NA,LC,Ac4546,BSLE(M-S)C30,Agron Hall Ac Seed,Curtiss
6523,11-6523-2@,22,61,3.6,18.45,NA,NA,NA,LC,Ac4546,BSLE(M-S)C30,Agron Hall Ac Seed,Curtiss
6524,11-6524-4@,16,169,2.5,19.56,NA,NA,NA,LC,Ac4546,BSLE(M-S)C30,Agron Hall Ac Seed,Curtiss
6524,11-6524-8@,18,125,2.3,15.62,NA,NA,NA,LC,Ac4546,BSLE(M-S)C30,Agron Hall Ac Seed,Curtiss
6524,6524-2,20,202.89,NA,NA,864,196.67,0.227627315,LC,Ac4546,BSLE(M-S)C30,Agron Hall Ac Seed,Curtiss
6524,11-6524-7@,20,149,2.8,23.61,NA,NA,NA,LC,Ac4546,BSLE(M-S)C30,Agron Hall Ac Seed,Curtiss
6524,11-6524-5@,20,113,2.4,18.55,NA,NA,NA,LC,Ac4546,BSLE(M-S)C30,Agron Hall Ac Seed,Curtiss
6524,11-6524-3@,20,59,1.2,1.05,NA,NA,NA,LC,Ac4546,BSLE(M-S)C30,Agron Hall Ac Seed,Curtiss
6524,11-6524-10@,16,101,2.8,17.29,NA,NA,NA,LC,Ac4546,BSLE(M-S)C30,Agron Hall Ac Seed,Curtiss
6524,11-6524-6@,18,151,2.8,34.25,NA,NA,NA,LC,Ac4546,BSLE(M-S)C30,Agron Hall Ac Seed,Curtiss
6525,6525-6,18,48.66,NA,NA,61,12.43,0.203770492,LC,Ac4546,BSLE(M-S)C30,Agron Hall Ac Seed,Curtiss
6525,11-6525-3@,16,144,3.2,36.4,NA,NA,NA,LC,Ac4546,BSLE(M-S)C30,Agron Hall Ac Seed,Curtiss
6525,6525-8,24,114.05,NA,NA,411,89.85,0.218613139,LC,Ac4546,BSLE(M-S)C30,Agron Hall Ac Seed,Curtiss
6525,11-6525-2@,22,129,2.6,17.37,NA,NA,NA,LC,Ac4546,BSLE(M-S)C30,Agron Hall Ac Seed,Curtiss
6525,11-6525-5@,18,90,2.6,14.79,NA,NA,NA,LC,Ac4546,BSLE(M-S)C30,Agron Hall Ac Seed,Curtiss
6525,11-6525-1@,22,121,2.6,13.22,NA,NA,NA,LC,Ac4546,BSLE(M-S)C30,Agron Hall Ac Seed,Curtiss
6525,11-6525-7@,14,206,2.4,37.07,NA,NA,NA,LC,Ac4546,BSLE(M-S)C30,Agron Hall Ac Seed,Curtiss
6526,11-6526-6@,14,90,2.8,11.98,NA,NA,NA,LC,Ac4546,BSLE(M-S)C30,Agron Hall Ac Seed,Curtiss
6526,11-6526-2@,18,131,2.3,23.22,NA,NA,NA,LC,Ac4546,BSLE(M-S)C30,Agron Hall Ac Seed,Curtiss
6526,11-6526-7@,16,176,2.5,18.92,NA,NA,NA,LC,Ac4546,BSLE(M-S)C30,Agron Hall Ac Seed,Curtiss
6526,11-6526-5@,16,57,2.2,5.39,NA,NA,NA,LC,Ac4546,BSLE(M-S)C30,Agron Hall Ac Seed,Curtiss
6526,11-6526-9@,22,84,2.7,17.75,NA,NA,NA,LC,Ac4546,BSLE(M-S)C30,Agron Hall Ac Seed,Curtiss
6526,11-6526-8@,18,79,2.7,15.26,NA,NA,NA,LC,Ac4546,BSLE(M-S)C30,Agron Hall Ac Seed,Curtiss
6526,6526-4,NA,NA,NA,NA,618,181.58,0.29381877,LC,Ac4546,BSLE(M-S)C30,Agron Hall Ac Seed,Curtiss
6526,6526-3,22,138.19,NA,NA,556,129.27,0.2325,LC,Ac4546,BSLE(M-S)C30,Agron Hall Ac Seed,Curtiss
6526,11-6526-1@,18,127,2.7,26.78,NA,NA,NA,LC,Ac4546,BSLE(M-S)C30,Agron Hall Ac Seed,Curtiss
6527,6527-4,12,44.48,NA,NA,NA,NA,NA,LC,Ac4546,BSLE(M-S)C30,Agron Hall Ac Seed,Curtiss
6527,11-6527-10@,22,146,2.2,19.46,NA,NA,NA,LC,Ac4546,BSLE(M-S)C30,Agron Hall Ac Seed,Curtiss
6527,11-6527-11@,16,206,2.5,41.07,NA,NA,NA,LC,Ac4546,BSLE(M-S)C30,Agron Hall Ac Seed,Curtiss
6527,6527-3,24,201.97,NA,NA,692,226.51,0.32732659,LC,Ac4546,BSLE(M-S)C30,Agron Hall Ac Seed,Curtiss
6527,6527-8,14,77.97,NA,NA,188,43.39,0.230797872,LC,Ac4546,BSLE(M-S)C30,Agron Hall Ac Seed,Curtiss
6527,11-6527-2@,16,73,2.7,10.46,NA,NA,NA,LC,Ac4546,BSLE(M-S)C30,Agron Hall Ac Seed,Curtiss
6527,11-6527-6@,22,136,2.6,25.22,NA,NA,NA,LC,Ac4546,BSLE(M-S)C30,Agron Hall Ac Seed,Curtiss
6527,11-6527-7@,24,83,3.4,18.92,NA,NA,NA,LC,Ac4546,BSLE(M-S)C30,Agron Hall Ac Seed,Curtiss
6527,11-6527-1@,20,176,2.8,34.85,NA,NA,NA,LC,Ac4546,BSLE(M-S)C30,Agron Hall Ac Seed,Curtiss
6527,6527-9,26,105.47,NA,NA,616,127.08,0.206298701,LC,Ac4546,BSLE(M-S)C30,Agron Hall Ac Seed,Curtiss
6528,11-6528-6@,24,119,3.1,18.28,NA,NA,NA,LC,Ac4546,BSLE(M-S)C30,Agron Hall Ac Seed,Curtiss
6528,11-6528-7@,22,143,2.5,31.31,NA,NA,NA,LC,Ac4546,BSLE(M-S)C30,Agron Hall Ac Seed,Curtiss
6528,11-6528-8@,16,97,2.4,14.61,NA,NA,NA,LC,Ac4546,BSLE(M-S)C30,Agron Hall Ac Seed,Curtiss
6528,11-6528-4@,20,113,2.8,19.53,NA,NA,NA,LC,Ac4546,BSLE(M-S)C30,Agron Hall Ac Seed,Curtiss
6528,6528-3,22,166.12,NA,NA,670,146.23,0.218253731,LC,Ac4546,BSLE(M-S)C30,Agron Hall Ac Seed,Curtiss
6528,11-6528-10@,16,100,2.5,23.96,NA,NA,NA,LC,Ac4546,BSLE(M-S)C30,Agron Hall Ac Seed,Curtiss
6528,11-6528-9@,20,157,2.6,23.9,NA,NA,NA,LC,Ac4546,BSLE(M-S)C30,Agron Hall Ac Seed,Curtiss
6528,11-6528-2@,20,112,2.3,15.12,NA,NA,NA,LC,Ac4546,BSLE(M-S)C30,Agron Hall Ac Seed,Curtiss
6528,6528-1,18,70.46,NA,NA,NA,NA,NA,LC,Ac4546,BSLE(M-S)C30,Agron Hall Ac Seed,Curtiss
6529,11-6529-2@,14,322,2.5,32.4,NA,NA,NA,LC,Ac4547,BSLE(M-L)C30,Agron Hall Ac Seed,Curtiss
6529,6529-4,14,330.3,NA,NA,604,235.53,0.389950331,LC,Ac4547,BSLE(M-L)C30,Agron Hall Ac Seed,Curtiss
6529,6529-5,14,241.97,NA,NA,494,105.53,0.213623482,LC,Ac4547,BSLE(M-L)C30,Agron Hall Ac Seed,Curtiss
6529,11-6529-1@,14,370,2.6,59.03,NA,NA,NA,LC,Ac4547,BSLE(M-L)C30,Agron Hall Ac Seed,Curtiss
6529,6529-9,16,333.07,NA,NA,434,132.58,0.305483871,LC,Ac4547,BSLE(M-L)C30,Agron Hall Ac Seed,Curtiss
6529,11-6529-3@,14,242,2.5,31.61,NA,NA,NA,LC,Ac4547,BSLE(M-L)C30,Agron Hall Ac Seed,Curtiss
6529,6529-7,12,400.65,NA,NA,554,167.06,0.301552347,LC,Ac4547,BSLE(M-L)C30,Agron Hall Ac Seed,Curtiss
6529,6529-4,20,178.28,NA,NA,604,235.53,0.389950331,LC,Ac4547,BSLE(M-L)C30,Agron Hall Ac Seed,Curtiss
6529,11-6529-6@,14,294,2.4,33.9,NA,NA,NA,LC,Ac4547,BSLE(M-L)C30,Agron Hall Ac Seed,Curtiss
6529,6529-8,14,254.73,NA,NA,NA,NA,NA,LC,Ac4547,BSLE(M-L)C30,Agron Hall Ac Seed,Curtiss
6530,6530-2,16,304.1,NA,NA,60,13.85,0.230833333,LC,Ac4547,BSLE(M-L)C30,Agron Hall Ac Seed,Curtiss
6530,11-6530-3@,14,NA,NA,NA,NA,NA,NA,LC,Ac4547,BSLE(M-L)C30,Agron Hall Ac Seed,Curtiss
6530,11-6530-4@,10,295,2.2,33.02,NA,NA,NA,LC,Ac4547,BSLE(M-L)C30,Agron Hall Ac Seed,Curtiss
6530,11-6530-1@,16,339,3.4,65.71,NA,NA,NA,LC,Ac4547,BSLE(M-L)C30,Agron Hall Ac Seed,Curtiss
6530,11-6530-9@,12,352,2.1,32.58,NA,NA,NA,LC,Ac4547,BSLE(M-L)C30,Agron Hall Ac Seed,Curtiss
6530,6530-7,12,211.79,NA,NA,410,119.28,0.290926829,LC,Ac4547,BSLE(M-L)C30,Agron Hall Ac Seed,Curtiss
6530,6530-3,14,333.29,NA,NA,646,200.46,0.310309598,LC,Ac4547,BSLE(M-L)C30,Agron Hall Ac Seed,Curtiss
6530,6530-6,16,336.35,NA,NA,804,232.06,0.288631841,LC,Ac4547,BSLE(M-L)C30,Agron Hall Ac Seed,Curtiss
6530,11-6530-8@,14,315,2.5,37.55,NA,NA,NA,LC,Ac4547,BSLE(M-L)C30,Agron Hall Ac Seed,Curtiss
6530,11-6530-5@,12,238,2.6,22.92,NA,NA,NA,LC,Ac4547,BSLE(M-L)C30,Agron Hall Ac Seed,Curtiss
6531,11-6531-7@,14,301,2.8,35.64,NA,NA,NA,LC,Ac4547,BSLE(M-L)C30,Agron Hall Ac Seed,Curtiss
6531,6531-4,12,291.74,NA,NA,NA,NA,NA,LC,Ac4547,BSLE(M-L)C30,Agron Hall Ac Seed,Curtiss
6531,11-6531-10@,12,325,2.5,36.54,NA,NA,NA,LC,Ac4547,BSLE(M-L)C30,Agron Hall Ac Seed,Curtiss
6531,6531-5,14,336.36,NA,NA,534,141.37,0.264737828,LC,Ac4547,BSLE(M-L)C30,Agron Hall Ac Seed,Curtiss
6531,6531-6,12,335,NA,NA,601,175.06,0.291281198,LC,Ac4547,BSLE(M-L)C30,Agron Hall Ac Seed,Curtiss
6531,11-6531-1@,12,348,2.6,66.39,NA,NA,NA,LC,Ac4547,BSLE(M-L)C30,Agron Hall Ac Seed,Curtiss
6531,11-6531-2@,12,290,2.6,28.85,NA,NA,NA,LC,Ac4547,BSLE(M-L)C30,Agron Hall Ac Seed,Curtiss
6531,11-6531-9@,12,366,3,43.22,NA,NA,NA,LC,Ac4547,BSLE(M-L)C30,Agron Hall Ac Seed,Curtiss
6531,11-6531-11@,16,347,2.4,49.96,NA,NA,NA,LC,Ac4547,BSLE(M-L)C30,Agron Hall Ac Seed,Curtiss
6531,6531-8,14,323.65,NA,NA,594,181.78,0.306026936,LC,Ac4547,BSLE(M-L)C30,Agron Hall Ac Seed,Curtiss
6532,11-6532-1@,18,301,3.2,49.83,NA,NA,NA,LC,Ac4547,BSLE(M-L)C30,Agron Hall Ac Seed,Curtiss
6532,6532-8,20,371.33,NA,NA,146,34.8,0.238356164,LC,Ac4547,BSLE(M-L)C30,Agron Hall Ac Seed,Curtiss
6532,11-6532-5@,12,263,2.1,20.86,NA,NA,NA,LC,Ac4547,BSLE(M-L)C30,Agron Hall Ac Seed,Curtiss
6532,11-6532-3@,14,332,2.4,44.88,NA,NA,NA,LC,Ac4547,BSLE(M-L)C30,Agron Hall Ac Seed,Curtiss
6532,6532-7,16,371.5,NA,NA,786,174.06,0.221450382,LC,Ac4547,BSLE(M-L)C30,Agron Hall Ac Seed,Curtiss
6532,11-6532-4@,12,304,1.9,31.49,NA,NA,NA,LC,Ac4547,BSLE(M-L)C30,Agron Hall Ac Seed,Curtiss
6533,6533-6,16,326.25,NA,NA,NA,NA,NA,LC,Ac4547,BSLE(M-L)C30,Agron Hall Ac Seed,Curtiss
6533,6533-10,14,303.22,NA,NA,178,43.47,0.244213483,LC,Ac4547,BSLE(M-L)C30,Agron Hall Ac Seed,Curtiss
6533,11-6533-2@,16,350,3.4,72.6,NA,NA,NA,LC,Ac4547,BSLE(M-L)C30,Agron Hall Ac Seed,Curtiss
6533,6533-3,14,333.87,NA,NA,648,198.81,0.306805556,LC,Ac4547,BSLE(M-L)C30,Agron Hall Ac Seed,Curtiss
6533,11-6533-1@,14,300,2.9,41.65,NA,NA,NA,LC,Ac4547,BSLE(M-L)C30,Agron Hall Ac Seed,Curtiss
6533,11-6533-7@,12,327,2.6,51.53,NA,NA,NA,LC,Ac4547,BSLE(M-L)C30,Agron Hall Ac Seed,Curtiss
6533,11-6533-5@,14,307,2.3,50.19,NA,NA,NA,LC,Ac4547,BSLE(M-L)C30,Agron Hall Ac Seed,Curtiss
6533,11-6533-4@,14,341,2.3,38.1,NA,NA,NA,LC,Ac4547,BSLE(M-L)C30,Agron Hall Ac Seed,Curtiss
6534,11-6534-5@,14,358,2.9,35.6,NA,NA,NA,LC,Ac4547,BSLE(M-L)C30,Agron Hall Ac Seed,Curtiss
6534,11-6534-9@,14,336,2.5,51.88,NA,NA,NA,LC,Ac4547,BSLE(M-L)C30,Agron Hall Ac Seed,Curtiss
6534,6534-6,16,294.26,NA,NA,751,177.58,0.236458056,LC,Ac4547,BSLE(M-L)C30,Agron Hall Ac Seed,Curtiss
6534,6534-7,12,346.29,NA,NA,833,176.42,0.211788715,LC,Ac4547,BSLE(M-L)C30,Agron Hall Ac Seed,Curtiss
6534,11-6534-3@,12,223,2.1,19.97,NA,NA,NA,LC,Ac4547,BSLE(M-L)C30,Agron Hall Ac Seed,Curtiss
6534,6534-4,12,252.22,NA,NA,657,171.66,0.261278539,LC,Ac4547,BSLE(M-L)C30,Agron Hall Ac Seed,Curtiss
6534,11-6534-11@,16,349,2.9,55.97,NA,NA,NA,LC,Ac4547,BSLE(M-L)C30,Agron Hall Ac Seed,Curtiss
6534,11-6534-2@,14,322,2.9,49.41,NA,NA,NA,LC,Ac4547,BSLE(M-L)C30,Agron Hall Ac Seed,Curtiss
6534,6534-4,12,252.22,NA,NA,348,120.71,0.346867816,LC,Ac4547,BSLE(M-L)C30,Agron Hall Ac Seed,Curtiss
6534,6534-8,16,321.83,NA,NA,597,163.76,0.274304858,LC,Ac4547,BSLE(M-L)C30,Agron Hall Ac Seed,Curtiss
6534,6534-10,12,354.44,NA,NA,NA,NA,NA,LC,Ac4547,BSLE(M-L)C30,Agron Hall Ac Seed,Curtiss
6534,11-6534-1@,16,443,2.6,72.69,NA,NA,NA,LC,Ac4547,BSLE(M-L)C30,Agron Hall Ac Seed,Curtiss
6535,11-6535-9@,14,291,2.8,43.61,NA,NA,NA,LC,Ac4547,BSLE(M-L)C30,Agron Hall Ac Seed,Curtiss
6535,6535-8,12,336.88,NA,NA,605,193.81,0.320347107,LC,Ac4547,BSLE(M-L)C30,Agron Hall Ac Seed,Curtiss
6535,6535-1,12,333.3,NA,NA,275,83.92,0.305163636,LC,Ac4547,BSLE(M-L)C30,Agron Hall Ac Seed,Curtiss
6535,6535-10,12,299.75,NA,NA,606,163.48,0.269768977,LC,Ac4547,BSLE(M-L)C30,Agron Hall Ac Seed,Curtiss
6535,11-6535-4@,16,305,2.5,31.78,NA,NA,NA,LC,Ac4547,BSLE(M-L)C30,Agron Hall Ac Seed,Curtiss
6535,6535-2,12,278.14,NA,NA,NA,NA,NA,LC,Ac4547,BSLE(M-L)C30,Agron Hall Ac Seed,Curtiss
6535,6535-3,14,292.98,NA,NA,NA,NA,NA,LC,Ac4547,BSLE(M-L)C30,Agron Hall Ac Seed,Curtiss
6536,11-6536-6@,14,371,2.5,44.34,NA,NA,NA,LC,Ac4547,BSLE(M-L)C30,Agron Hall Ac Seed,Curtiss
6536,11-6536-3@,14,245,2.4,20.7,NA,NA,NA,LC,Ac4547,BSLE(M-L)C30,Agron Hall Ac Seed,Curtiss
6536,11-6536-4@,12,323,2.6,50.82,NA,NA,NA,LC,Ac4547,BSLE(M-L)C30,Agron Hall Ac Seed,Curtiss
6536,11-6536-7@,12,245,2.1,18.92,NA,NA,NA,LC,Ac4547,BSLE(M-L)C30,Agron Hall Ac Seed,Curtiss
6536,11-6536-1@,16,278,2.9,35.02,NA,NA,NA,LC,Ac4547,BSLE(M-L)C30,Agron Hall Ac Seed,Curtiss
6536,6536-8,12,356.34,NA,NA,502,186.29,0.371095618,LC,Ac4547,BSLE(M-L)C30,Agron Hall Ac Seed,Curtiss
6536,6536-9,14,249.26,NA,NA,338,107.56,0.318224852,LC,Ac4547,BSLE(M-L)C30,Agron Hall Ac Seed,Curtiss
6537,11-6537-11@,14,412,2.8,60.24,NA,NA,NA,LC,Ac4547,BSLE(M-L)C30,Agron Hall Ac Seed,Curtiss
6537,6537-6,14,274.7,NA,NA,270,36.07,0.133592593,LC,Ac4547,BSLE(M-L)C30,Agron Hall Ac Seed,Curtiss
6537,11-6537-5@,14,293,2.5,34.24,NA,NA,NA,LC,Ac4547,BSLE(M-L)C30,Agron Hall Ac Seed,Curtiss
6537,11-6537-12@,14,323,2.5,51.56,NA,NA,NA,LC,Ac4547,BSLE(M-L)C30,Agron Hall Ac Seed,Curtiss
6537,6537-10,14,341.27,NA,NA,545,197.2,0.361834862,LC,Ac4547,BSLE(M-L)C30,Agron Hall Ac Seed,Curtiss
6537,11-6537-3@,12,382,2.5,56.1,NA,NA,NA,LC,Ac4547,BSLE(M-L)C30,Agron Hall Ac Seed,Curtiss
6537,6537-7,12,347.86,NA,NA,609,199.99,0.328390805,LC,Ac4547,BSLE(M-L)C30,Agron Hall Ac Seed,Curtiss
6537,11-6537-1@,14,312,2.3,23.05,NA,NA,NA,LC,Ac4547,BSLE(M-L)C30,Agron Hall Ac Seed,Curtiss
6537,6537-9,12,347.95,NA,NA,410,163.18,0.398,LC,Ac4547,BSLE(M-L)C30,Agron Hall Ac Seed,Curtiss
6537,6537-8,14,281.17,NA,NA,273,74.79,0.273956044,LC,Ac4547,BSLE(M-L)C30,Agron Hall Ac Seed,Curtiss
6538,11-6538-8@,12,206,2.3,14.48,NA,NA,NA,LC,Ac4547,BSLE(M-L)C30,Agron Hall Ac Seed,Curtiss
6538,6538-3,12,301.59,NA,NA,40,10.23,0.25575,LC,Ac4547,BSLE(M-L)C30,Agron Hall Ac Seed,Curtiss
6538,11-6538-10@,14,279,1.8,14.38,NA,NA,NA,LC,Ac4547,BSLE(M-L)C30,Agron Hall Ac Seed,Curtiss
6538,11-6538-1@,16,298,2.4,42.6,NA,NA,NA,LC,Ac4547,BSLE(M-L)C30,Agron Hall Ac Seed,Curtiss
6538,11-6538-2@,12,374,2.2,44.64,NA,NA,NA,LC,Ac4547,BSLE(M-L)C30,Agron Hall Ac Seed,Curtiss
6538,6538-5,12,313.25,NA,NA,498,125.04,0.251084337,LC,Ac4547,BSLE(M-L)C30,Agron Hall Ac Seed,Curtiss
6538,6538-6,14,333.84,NA,NA,518,178.16,0.343938224,LC,Ac4547,BSLE(M-L)C30,Agron Hall Ac Seed,Curtiss
6538,6538-9,12,339.72,NA,NA,485,145.02,0.299010309,LC,Ac4547,BSLE(M-L)C30,Agron Hall Ac Seed,Curtiss
6538,6538-4,16,322.12,NA,NA,NA,NA,NA,LC,Ac4547,BSLE(M-L)C30,Agron Hall Ac Seed,Curtiss
6538,6538-7,16,346.26,NA,NA,NA,NA,NA,LC,Ac4547,BSLE(M-L)C30,Agron Hall Ac Seed,Curtiss
6539,11-6539-1@,12,346,2.4,32.98,NA,NA,NA,LC,Ac4547,BSLE(M-L)C30,Agron Hall Ac Seed,Curtiss
6539,6539-11,16,280.1,NA,NA,NA,NA,NA,LC,Ac4547,BSLE(M-L)C30,Agron Hall Ac Seed,Curtiss
6539,11-6539-5@,12,256,2,18.32,NA,NA,NA,LC,Ac4547,BSLE(M-L)C30,Agron Hall Ac Seed,Curtiss
6539,11-6539-12@,12,321,2.5,40.74,NA,NA,NA,LC,Ac4547,BSLE(M-L)C30,Agron Hall Ac Seed,Curtiss
6539,6539-3,12,280.77,NA,NA,353,117.24,0.332124646,LC,Ac4547,BSLE(M-L)C30,Agron Hall Ac Seed,Curtiss
6539, 6539-11,NA,NA,NA,NA,693,199.48,0.287849928,LC,Ac4547,BSLE(M-L)C30,Agron Hall Ac Seed,Curtiss
6539,11-6539-10@,14,392,2.8,38.9,NA,NA,NA,LC,Ac4547,BSLE(M-L)C30,Agron Hall Ac Seed,Curtiss
6539,11-6539-9@,12,308,2.3,22.69,NA,NA,NA,LC,Ac4547,BSLE(M-L)C30,Agron Hall Ac Seed,Curtiss
6539,6539-7,14,302.83,NA,NA,663,194.44,0.293273002,LC,Ac4547,BSLE(M-L)C30,Agron Hall Ac Seed,Curtiss
6539,11-6539-6@,12,212,1.8,19.53,NA,NA,NA,LC,Ac4547,BSLE(M-L)C30,Agron Hall Ac Seed,Curtiss
6539,6539-2,18,406.35,NA,NA,916,292.08,0.318864629,LC,Ac4547,BSLE(M-L)C30,Agron Hall Ac Seed,Curtiss
6540,11-6540-10@,12,291,2.5,32.53,NA,NA,NA,LC,Ac4547,BSLE(M-L)C30,Agron Hall Ac Seed,Curtiss
6540,11-6540-4@,12,NA,NA,NA,NA,NA,NA,LC,Ac4547,BSLE(M-L)C30,Agron Hall Ac Seed,Curtiss
6540,11-6540-1@,12,320,2.5,30.02,NA,NA,NA,LC,Ac4547,BSLE(M-L)C30,Agron Hall Ac Seed,Curtiss
6540,6540-9,12,289.99,NA,NA,184,40.39,0.21951087,LC,Ac4547,BSLE(M-L)C30,Agron Hall Ac Seed,Curtiss
6540,6540-8,14,262.71,NA,NA,NA,NA,NA,LC,Ac4547,BSLE(M-L)C30,Agron Hall Ac Seed,Curtiss
6540,11-6540-6@,14,NA,NA,NA,NA,NA,NA,LC,Ac4547,BSLE(M-L)C30,Agron Hall Ac Seed,Curtiss
6541,6541-8,12,335.52,NA,NA,554,145.55,0.262725632,LC,Ac4547,BSLE(M-L)C30,Agron Hall Ac Seed,Curtiss
6541,11-6541-1@,12,394,2.5,53.42,NA,NA,NA,LC,Ac4547,BSLE(M-L)C30,Agron Hall Ac Seed,Curtiss
6541,11-6541-2@,16,253,2.5,36.18,NA,NA,NA,LC,Ac4547,BSLE(M-L)C30,Agron Hall Ac Seed,Curtiss
6541,6541-5,10,343.56,NA,NA,537,161.05,0.29990689,LC,Ac4547,BSLE(M-L)C30,Agron Hall Ac Seed,Curtiss
6541,11-6541-6@,14,306,2.3,29.3,NA,NA,NA,LC,Ac4547,BSLE(M-L)C30,Agron Hall Ac Seed,Curtiss
6541,11-6541-3@,12,330,2.2,37.41,NA,NA,NA,LC,Ac4547,BSLE(M-L)C30,Agron Hall Ac Seed,Curtiss
6541,11-6541-4@,14,310,2.6,45.49,NA,NA,NA,LC,Ac4547,BSLE(M-L)C30,Agron Hall Ac Seed,Curtiss
6542,11-6542-10@,14,328,2.4,41.35,NA,NA,NA,LC,Ac4547,BSLE(M-L)C30,Agron Hall Ac Seed,Curtiss
6542,6542-4,12,366.81,NA,NA,453,142.42,0.314392936,LC,Ac4547,BSLE(M-L)C30,Agron Hall Ac Seed,Curtiss
6542,11-6542-5@,14,327,2.5,36.56,NA,NA,NA,LC,Ac4547,BSLE(M-L)C30,Agron Hall Ac Seed,Curtiss
6542,11-6542-6@,12,333,2.4,45.76,NA,NA,NA,LC,Ac4547,BSLE(M-L)C30,Agron Hall Ac Seed,Curtiss
6542,6542-8,12,298.8,NA,NA,568,147.66,0.259964789,LC,Ac4547,BSLE(M-L)C30,Agron Hall Ac Seed,Curtiss
6542,11-6542-3@,16,270,2.3,37.22,NA,NA,NA,LC,Ac4547,BSLE(M-L)C30,Agron Hall Ac Seed,Curtiss
6542,6542-11,16,307.89,NA,NA,764,237.9,0.311387435,LC,Ac4547,BSLE(M-L)C30,Agron Hall Ac Seed,Curtiss
6542,11-6542-12@,16,337,3,40.64,NA,NA,NA,LC,Ac4547,BSLE(M-L)C30,Agron Hall Ac Seed,Curtiss
6542,11-6542-1@,14,223,2.7,31.77,NA,NA,NA,LC,Ac4547,BSLE(M-L)C30,Agron Hall Ac Seed,Curtiss
6542,6542-2,16,423.53,NA,NA,NA,NA,NA,LC,Ac4547,BSLE(M-L)C30,Agron Hall Ac Seed,Curtiss
6542,11-6542-7@,16,314,2.4,38.5,NA,NA,NA,LC,Ac4547,BSLE(M-L)C30,Agron Hall Ac Seed,Curtiss
6543,11-6543-9@,14,318,2.7,40.6,NA,NA,NA,LC,Ac4547,BSLE(M-L)C30,Agron Hall Ac Seed,Curtiss
6543,11-6543-1@,10,293,2.1,31.75,NA,NA,NA,LC,Ac4547,BSLE(M-L)C30,Agron Hall Ac Seed,Curtiss
6543,11-6543-3@,16,301,2.6,49.46,NA,NA,NA,LC,Ac4547,BSLE(M-L)C30,Agron Hall Ac Seed,Curtiss
6543,6543-4,14,363.11,NA,NA,682,259.6,0.380645161,LC,Ac4547,BSLE(M-L)C30,Agron Hall Ac Seed,Curtiss
6543,11-6543-8@,14,276,2.4,29.11,NA,NA,NA,LC,Ac4547,BSLE(M-L)C30,Agron Hall Ac Seed,Curtiss
6543,11-6543-7@,14,302,2.4,43.41,NA,NA,NA,LC,Ac4547,BSLE(M-L)C30,Agron Hall Ac Seed,Curtiss
6543,11-6543-5@,14,303,2.4,36.66,NA,NA,NA,LC,Ac4547,BSLE(M-L)C30,Agron Hall Ac Seed,Curtiss
6543,11-6543-10@,18,289,2.4,27.96,NA,NA,NA,LC,Ac4547,BSLE(M-L)C30,Agron Hall Ac Seed,Curtiss
6543,11-6543-6@,16,269,2.4,26.95,NA,NA,NA,LC,Ac4547,BSLE(M-L)C30,Agron Hall Ac Seed,Curtiss
6544,11-6544-3@,14,272,2.4,30.05,NA,NA,NA,LC,Ac4547,BSLE(M-L)C30,Agron Hall Ac Seed,Curtiss
6544,11-6544-10@,12,367,2.4,48.24,NA,NA,NA,LC,Ac4547,BSLE(M-L)C30,Agron Hall Ac Seed,Curtiss
6544,11-6544-11@,14,233,2.8,39,NA,NA,NA,LC,Ac4547,BSLE(M-L)C30,Agron Hall Ac Seed,Curtiss
6544,11-6544-2@,14,290,2.6,47.87,NA,NA,NA,LC,Ac4547,BSLE(M-L)C30,Agron Hall Ac Seed,Curtiss
6544,6544-6,18,304.11,NA,NA,NA,NA,NA,LC,Ac4547,BSLE(M-L)C30,Agron Hall Ac Seed,Curtiss
6544,11-6544-8@,16,286,2.5,41.27,NA,NA,NA,LC,Ac4547,BSLE(M-L)C30,Agron Hall Ac Seed,Curtiss
6544,11-6544-5@,12,261,2.6,20.95,NA,NA,NA,LC,Ac4547,BSLE(M-L)C30,Agron Hall Ac Seed,Curtiss
6544,11-6544-1@,12,431,2.7,71.77,NA,NA,NA,LC,Ac4547,BSLE(M-L)C30,Agron Hall Ac Seed,Curtiss
6544,11-6544-7@,14,348,2.2,36.87,NA,NA,NA,LC,Ac4547,BSLE(M-L)C30,Agron Hall Ac Seed,Curtiss
6544,11-6544-6@,12,284,2.5,35.04,NA,NA,NA,LC,Ac4547,BSLE(M-L)C30,Agron Hall Ac Seed,Curtiss
6545,6545-2,14,341.47,NA,NA,94,26.49,0.281808511,LC,Ac4547,BSLE(M-L)C30,Agron Hall Ac Seed,Curtiss
6545,11-6545-4@,14,326,2.6,45.54,NA,NA,NA,LC,Ac4547,BSLE(M-L)C30,Agron Hall Ac Seed,Curtiss
6545,6545-1,12,293.81,NA,NA,378,116.76,0.308888889,LC,Ac4547,BSLE(M-L)C30,Agron Hall Ac Seed,Curtiss
6545,11-6545-6@,16,317,2.8,35.15,NA,NA,NA,LC,Ac4547,BSLE(M-L)C30,Agron Hall Ac Seed,Curtiss
6545,11-6545-5@,12,285,1.7,26.81,NA,NA,NA,LC,Ac4547,BSLE(M-L)C30,Agron Hall Ac Seed,Curtiss
6665,11-6665-5@,18,173,2.5,21.88,NA,NA,NA,LC,Ac3983,BSLE(M-S)C30,PI Ac seed,Curtiss
6665,11-6665-1@,20,89,2.4,10.6,NA,NA,NA,LC,Ac3983,BSLE(M-S)C30,PI Ac seed,Curtiss
6665,11-6665-2@,20,111,2.9,25.43,NA,NA,NA,LC,Ac3983,BSLE(M-S)C30,PI Ac seed,Curtiss
6665,11-6665-9@,16,132,1.9,18.46,NA,NA,NA,LC,Ac3983,BSLE(M-S)C30,PI Ac seed,Curtiss
6665,11-6665-6@,20,150,3,40.1,NA,NA,NA,LC,Ac3983,BSLE(M-S)C30,PI Ac seed,Curtiss
6665,11-6665-7@,20,161,2.4,21.95,NA,NA,NA,LC,Ac3983,BSLE(M-S)C30,PI Ac seed,Curtiss
6665,11-6665-3@,16,NA,NA,NA,NA,NA,NA,LC,Ac3983,BSLE(M-S)C30,PI Ac seed,Curtiss
6665,11-6665-10@,18,70,2.1,5.02,NA,NA,NA,LC,Ac3983,BSLE(M-S)C30,PI Ac seed,Curtiss
6665,11-6665-8@,20,191,2.9,44.66,NA,NA,NA,LC,Ac3983,BSLE(M-S)C30,PI Ac seed,Curtiss
6666,11-6666-11@,20,57,1.9,5.42,NA,NA,NA,LC,Ac3983,BSLE(M-S)C30,PI Ac seed,Curtiss
6666,11-6666-1@,18,139,2.3,19.45,NA,NA,NA,LC,Ac3983,BSLE(M-S)C30,PI Ac seed,Curtiss
6666,11-6666-5@,20,139,3,34.61,NA,NA,NA,LC,Ac3983,BSLE(M-S)C30,PI Ac seed,Curtiss
6666,11-6666-4@,20,145,2.5,20.6,NA,NA,NA,LC,Ac3983,BSLE(M-S)C30,PI Ac seed,Curtiss
6666,11-6666-6@,20,118,3,22.16,NA,NA,NA,LC,Ac3983,BSLE(M-S)C30,PI Ac seed,Curtiss
6666,11-6666-8@,18,39,3.2,9.56,NA,NA,NA,LC,Ac3983,BSLE(M-S)C30,PI Ac seed,Curtiss
6666,11-6666-9@,16,173,2.4,29.16,NA,NA,NA,LC,Ac3983,BSLE(M-S)C30,PI Ac seed,Curtiss
6666,11-6666-3@,16,NA,NA,NA,NA,NA,NA,LC,Ac3983,BSLE(M-S)C30,PI Ac seed,Curtiss
6667,11-6667-10@,16,151,2.2,16.94,NA,NA,NA,LC,Ac3983,BSLE(M-S)C30,PI Ac seed,Curtiss
6667,11-6667-2@,24,NA,NA,NA,NA,NA,NA,LC,Ac3983,BSLE(M-S)C30,PI Ac seed,Curtiss
6667,11-6667-6@,20,NA,NA,NA,NA,NA,NA,LC,Ac3983,BSLE(M-S)C30,PI Ac seed,Curtiss
6667,11-6667-8@,18,NA,NA,NA,NA,NA,NA,LC,Ac3983,BSLE(M-S)C30,PI Ac seed,Curtiss
6668,11-6668-10@,16,NA,NA,NA,NA,NA,NA,LC,Ac3983,BSLE(M-S)C30,PI Ac seed,Curtiss
6668,11-6668-3@,20,56,2.1,4.25,NA,NA,NA,LC,Ac3983,BSLE(M-S)C30,PI Ac seed,Curtiss
6668,11-6668-4@,22,128,2.8,17.99,NA,NA,NA,LC,Ac3983,BSLE(M-S)C30,PI Ac seed,Curtiss
6668,11-6668-6@,16,126,2.6,24.46,NA,NA,NA,LC,Ac3983,BSLE(M-S)C30,PI Ac seed,Curtiss
6668,11-6668-8@,22,149,2.9,40.41,NA,NA,NA,LC,Ac3983,BSLE(M-S)C30,PI Ac seed,Curtiss
6669,11-6669-1@,20,100,2.6,20.26,NA,NA,NA,LC,Ac3983,BSLE(M-S)C30,PI Ac seed,Curtiss
6669,11-6669-2@,20,136,3.2,31.29,NA,NA,NA,LC,Ac3983,BSLE(M-S)C30,PI Ac seed,Curtiss
6669,11-6669-11@,22,79,2.7,20.49,NA,NA,NA,LC,Ac3983,BSLE(M-S)C30,PI Ac seed,Curtiss
6669,11-6669-8@,NA,53,1.4,2.66,NA,NA,NA,LC,Ac3983,BSLE(M-S)C30,PI Ac seed,Curtiss
6669,11-6669-5@,24,110,2.9,24.16,NA,NA,NA,LC,Ac3983,BSLE(M-S)C30,PI Ac seed,Curtiss
6669,11-6669-6@,18,50,1.1,1.36,NA,NA,NA,LC,Ac3983,BSLE(M-S)C30,PI Ac seed,Curtiss
6669,11-6669-3@,22,110,2.9,27.31,NA,NA,NA,LC,Ac3983,BSLE(M-S)C30,PI Ac seed,Curtiss
6669,11-6669-4@,24,147,2.9,44.78,NA,NA,NA,LC,Ac3983,BSLE(M-S)C30,PI Ac seed,Curtiss
6669,11-6669-10@,26,109,3.2,21.05,NA,NA,NA,LC,Ac3983,BSLE(M-S)C30,PI Ac seed,Curtiss
6669,11-6669-7@,20,135,2.7,25.87,NA,NA,NA,LC,Ac3983,BSLE(M-S)C30,PI Ac seed,Curtiss
6669,11-6669-9@,22,121,2.3,10.47,NA,NA,NA,LC,Ac3983,BSLE(M-S)C30,PI Ac seed,Curtiss
6670,11-6670-11@,16,148,2.4,22.06,NA,NA,NA,LC,Ac3983,BSLE(M-S)C30,PI Ac seed,Curtiss
6670,11-6670-10@,20,98,2.7,18.08,NA,NA,NA,LC,Ac3983,BSLE(M-S)C30,PI Ac seed,Curtiss
6670,11-6670-8@,20,39,1.9,3.22,NA,NA,NA,LC,Ac3983,BSLE(M-S)C30,PI Ac seed,Curtiss
6670,11-6670-9@,16,55,2.8,11,NA,NA,NA,LC,Ac3983,BSLE(M-S)C30,PI Ac seed,Curtiss
6670,11-6670-1@,16,104,2.6,16.29,NA,NA,NA,LC,Ac3983,BSLE(M-S)C30,PI Ac seed,Curtiss
6670,11-6670-2@,16,136,2.3,17.09,NA,NA,NA,LC,Ac3983,BSLE(M-S)C30,PI Ac seed,Curtiss
6671,11-6671-10@,20,103,2.2,8.98,NA,NA,NA,LC,Ac3983,BSLE(M-S)C30,PI Ac seed,Curtiss
6671,11-6671-3@,16,114,2.7,15.39,NA,NA,NA,LC,Ac3983,BSLE(M-S)C30,PI Ac seed,Curtiss
6671,11-6671-9@,22,151,2.7,21.56,NA,NA,NA,LC,Ac3983,BSLE(M-S)C30,PI Ac seed,Curtiss
6671,11-6671-1@,22,134,1.8,9.61,NA,NA,NA,LC,Ac3983,BSLE(M-S)C30,PI Ac seed,Curtiss
6671,11-6671-2@,16,NA,NA,NA,NA,NA,NA,LC,Ac3983,BSLE(M-S)C30,PI Ac seed,Curtiss
6672,11-6672-1@,14,356,2.1,50.95,NA,NA,NA,LC,Ac3984,BSLE(M-L)C30,PI Ac seed,Curtiss
6672,11-6672-2@,12,300,2,28.46,NA,NA,NA,LC,Ac3984,BSLE(M-L)C30,PI Ac seed,Curtiss
6672,11-6672-10@,12,339,2.2,31.36,NA,NA,NA,LC,Ac3984,BSLE(M-L)C30,PI Ac seed,Curtiss
6672,11-6672-11@,12,204,1.9,11.63,NA,NA,NA,LC,Ac3984,BSLE(M-L)C30,PI Ac seed,Curtiss
6672,11-6672-7@,16,270,2.8,34.13,NA,NA,NA,LC,Ac3984,BSLE(M-L)C30,PI Ac seed,Curtiss
6672,11-6672-9@,14,171,2.2,15.41,NA,NA,NA,LC,Ac3984,BSLE(M-L)C30,PI Ac seed,Curtiss
6672,11-6672-3@,12,290,2.5,44.48,NA,NA,NA,LC,Ac3984,BSLE(M-L)C30,PI Ac seed,Curtiss
6672,11-6672-6@,18,212,2.5,26.65,NA,NA,NA,LC,Ac3984,BSLE(M-L)C30,PI Ac seed,Curtiss
6673,11-6673-1@,12,251,2.2,36.3,NA,NA,NA,LC,Ac3984,BSLE(M-L)C30,PI Ac seed,Curtiss
6673,11-6673-6@,12,317,2.5,59.75,NA,NA,NA,LC,Ac3984,BSLE(M-L)C30,PI Ac seed,Curtiss
6673,11-6673-7@,14,351,3.3,78.03,NA,NA,NA,LC,Ac3984,BSLE(M-L)C30,PI Ac seed,Curtiss
6673,11-6673-3@,12,221,2.6,26.36,NA,NA,NA,LC,Ac3984,BSLE(M-L)C30,PI Ac seed,Curtiss
6673,11-6673-5@,14,340,3.2,59.95,NA,NA,NA,LC,Ac3984,BSLE(M-L)C30,PI Ac seed,Curtiss
6673,11-6673-8@,14,318,3.2,60.12,NA,NA,NA,LC,Ac3984,BSLE(M-L)C30,PI Ac seed,Curtiss
6673,11-6673-9@,12,184,2.5,27.62,NA,NA,NA,LC,Ac3984,BSLE(M-L)C30,PI Ac seed,Curtiss
6674,11-6674-1@,14,306,3,40.62,NA,NA,NA,LC,Ac3984,BSLE(M-L)C30,PI Ac seed,Curtiss
6674,11-6674-2@,12,277,2.5,29.71,NA,NA,NA,LC,Ac3984,BSLE(M-L)C30,PI Ac seed,Curtiss
6674,11-6674-9@,10,288,2,23.9,NA,NA,NA,LC,Ac3984,BSLE(M-L)C30,PI Ac seed,Curtiss
6674,11-6674-8@,18,270,2.8,35.82,NA,NA,NA,LC,Ac3984,BSLE(M-L)C30,PI Ac seed,Curtiss
6674,11-6674-3@,14,354,2.1,52.79,NA,NA,NA,LC,Ac3984,BSLE(M-L)C30,PI Ac seed,Curtiss
6674,11-6674-5@,16,304,2.8,35.62,NA,NA,NA,LC,Ac3984,BSLE(M-L)C30,PI Ac seed,Curtiss
6675,11-6675-1@,12,347,2.5,39.81,NA,NA,NA,LC,Ac3984,BSLE(M-L)C30,PI Ac seed,Curtiss
6675,11-6675-2@,12,367,3.3,72,NA,NA,NA,LC,Ac3984,BSLE(M-L)C30,PI Ac seed,Curtiss
6676,11-6676-10@,14,323,2.8,35.45,NA,NA,NA,LC,Ac3984,BSLE(M-L)C30,PI Ac seed,Curtiss
6676,11-6676-1@,12,237,2.5,30.42,NA,NA,NA,LC,Ac3984,BSLE(M-L)C30,PI Ac seed,Curtiss
6676,11-6676-4@,12,366,2.5,48.97,NA,NA,NA,LC,Ac3984,BSLE(M-L)C30,PI Ac seed,Curtiss
6676,11-6676-5@,14,277,2.6,40.87,NA,NA,NA,LC,Ac3984,BSLE(M-L)C30,PI Ac seed,Curtiss
6676,11-6676-7@,14,317,2.4,42.7,NA,NA,NA,LC,Ac3984,BSLE(M-L)C30,PI Ac seed,Curtiss
6676,11-6676-9@,18,285,2.9,55.89,NA,NA,NA,LC,Ac3984,BSLE(M-L)C30,PI Ac seed,Curtiss
6677,11-6677-2@,16,389,2.5,51.28,NA,NA,NA,LC,Ac3984,BSLE(M-L)C30,PI Ac seed,Curtiss
6677,11-6677-7@,12,314,2,25.49,NA,NA,NA,LC,Ac3984,BSLE(M-L)C30,PI Ac seed,Curtiss
6677,11-6677-8@,14,NA,NA,NA,NA,NA,NA,LC,Ac3984,BSLE(M-L)C30,PI Ac seed,Curtiss


