Internal_id,KRN,Population,accessionID,Genotype
Elite_2G1,15.1,Elite Inbred lines,PI601558,11430
Elite_3A1,13.7,Elite Inbred lines,PI601658,1538
Elite_1G3,14.2,Elite Inbred lines,PI601005,207
Elite_2G2,14.9,Elite Inbred lines,PI601559,2369
Elite_1D3,13.7,Elite Inbred lines,PI548830,29MIBZ2
Elite_3D1,15,Elite Inbred lines,PI601808,2FACC
Elite_2G3,14.1,Elite Inbred lines,PI601560,2MA22
Elite_2A9,13.9,Elite Inbred lines,PI601300,4676A
Elite_3B2,16.4,Elite Inbred lines,PI601745,4N506
Elite_2A1,12.6,Elite Inbred lines,PI601269,5707
Elite_1H1,15.8,Elite Inbred lines,PI601159,6103
Elite_1C1,14.3,Elite Inbred lines,PI546483,6F629
Elite_2G4,14.9,Elite Inbred lines,PI601561,6M502
Elite_1C2,16,Elite Inbred lines,PI546484,6M502A
Elite_2E11,10.4,Elite Inbred lines,PI601489,740
Elite_2C9,14.7,Elite Inbred lines,PI601374,764
Elite_2C10,14,Elite Inbred lines,PI601375,778
Elite_2C11,10.8,Elite Inbred lines,PI601376,779
Elite_2A10,15.1,Elite Inbred lines,PI601301,78002A
Elite_1H9,16.8,Elite Inbred lines,PI601210,78004
Elite_1H10,16.7,Elite Inbred lines,PI601211,78010
Elite_2D10,14.4,Elite Inbred lines,PI601438,78371A
Elite_2G5,11.7,Elite Inbred lines,PI601562,78551S
Elite_2E12,15.3,Elite Inbred lines,PI601490,787
Elite_2F1,15,Elite Inbred lines,PI601491,790
Elite_1A1,15.8,Elite Inbred lines,NSL243016,792
Elite_2F2,15.2,Elite Inbred lines,PI601492,793
Elite_2D1,13.8,Elite Inbred lines,PI601377,794
Elite_2D9,13.2,Elite Inbred lines,PI601430,807
Elite_1D11,14,Elite Inbred lines,PI555651,83IBI3
Elite_2G6,15.4,Elite Inbred lines,PI601563,87916W
Elite_1E9,16,Elite Inbred lines,PI560317,904
Elite_1G7,13.1,Elite Inbred lines,PI601009,B47
Elite_1A12,17.1,Elite Inbred lines,B73,B73
Elite_1B10,12.6,Elite Inbred lines,PI544065,BCC03
Elite_1G5,12.6,Elite Inbred lines,PI601007,BO9
Elite_3A2,13.1,Elite Inbred lines,PI601683,CR14
Elite_1G11,12.9,Elite Inbred lines,PI601080,CR1HT
Elite_1H6,17.4,Elite Inbred lines,PI601191,DJ7
Elite_3A7,12.6,Elite Inbred lines,PI601724,E8501
Elite_1C12,10.8,Elite Inbred lines,F1,F1
Elite_1D9,16.7,Elite Inbred lines,PI555462,F118
Elite_1G8,15.8,Elite Inbred lines,PI601026,F42
Elite_1F10,15.1,Elite Inbred lines,PI600958,FAPW
Elite_2D11,12,Elite Inbred lines,PI601439,FBHJ
Elite_1B11,15.3,Elite Inbred lines,PI546482,FBLA
Elite_1F3,15.6,Elite Inbred lines,PI600772,FR19
Elite_1G9,16.1,Elite Inbred lines,PI601037,G80
Elite_2H10,13.6,Elite Inbred lines,PI601610,H8431
Elite_2G7,12.8,Elite Inbred lines,PI601564,HB8229
Elite_1H4,17,Elite Inbred lines,PI601172,HBA1
Elite_1H7,13.7,Elite Inbred lines,PI601208,IB014
Elite_2E3,12,Elite Inbred lines,PI601457,IB02
Elite_2G8,14.2,Elite Inbred lines,PI601565,IBB14
Elite_2E4,14.1,Elite Inbred lines,PI601458,IBB15
Elite_2E5,12.9,Elite Inbred lines,PI601459,IBC2
Elite_3A8,12.6,Elite Inbred lines,PI601725,J8606
Elite_3A9,13.8,Elite Inbred lines,PI601726,L 127
Elite_3A10,13.2,Elite Inbred lines,PI601727,L 135
Elite_3A11,13.4,Elite Inbred lines,PI601728,L 139
Elite_1D6,15.3,Elite Inbred lines,PI550695,L 155
Elite_3D2,14.7,Elite Inbred lines,PI644101,LH1
Elite_1F6,16,Elite Inbred lines,PI600954,LH119
Elite_1G10,13.2,Elite Inbred lines,PI601079,LH123HT
Elite_1A4,11.1,Elite Inbred lines,PI538007,LH127
Elite_1C4,14.2,Elite Inbred lines,PI547086,LH128
Elite_1G2,15.8,Elite Inbred lines,PI601004,LH132
Elite_1G1,13.2,Elite Inbred lines,PI601003,LH143 CMS
Elite_1F11,13.7,Elite Inbred lines,PI600959,LH145
Elite_2D3,13.8,Elite Inbred lines,PI601402,LH146Ht
Elite_2F3,15.6,Elite Inbred lines,PI601493,LH149
Elite_1H12,18.2,Elite Inbred lines,PI601230,LH150
Elite_2D4,13.2,Elite Inbred lines,PI601403,LH156
Elite_1A7,13.2,Elite Inbred lines,PI539920,LH160
Elite_1A8,13.4,Elite Inbred lines,PI539921,LH162
Elite_1A9,15,Elite Inbred lines,PI539922,LH190
Elite_1B1,14.1,Elite Inbred lines,PI539925,LH191
Elite_1B2,16.1,Elite Inbred lines,PI539926,LH192
Elite_1B3,15.3,Elite Inbred lines,PI539927,LH193
Elite_1A10,16,Elite Inbred lines,PI539923,LH194
Elite_1A2,15.7,Elite Inbred lines,PI537097,LH195
Elite_1A5,17.3,Elite Inbred lines,PI538009,LH196
Elite_1A11,16.6,Elite Inbred lines,PI539924,LH202
Elite_1A3,14.6,Elite Inbred lines,PI537099,LH205
Elite_1C5,14.2,Elite Inbred lines,PI547088,LH208
Elite_1D7,12.3,Elite Inbred lines,PI552815,LH215
Elite_1A6,14.8,Elite Inbred lines,PI538011,LH220Ht
Elite_1F4,14.1,Elite Inbred lines,PI600791,LH38
Elite_1F5,14.7,Elite Inbred lines,PI600944,LH39
Elite_1F7,10.9,Elite Inbred lines,PI600955,LH51
Elite_2C6,9.4,Elite Inbred lines,PI601360,LH52
Elite_2A11,9.9,Elite Inbred lines,PI601316,LH54
Elite_2B1,10.8,Elite Inbred lines,PI601317,LH57
Elite_2E6,10.6,Elite Inbred lines,PI601466,LH59
Elite_2D5,13.7,Elite Inbred lines,PI601404,LH60
Elite_2D7,12.8,Elite Inbred lines,PI601416,LH61
Elite_2F4,10.8,Elite Inbred lines,PI601494,LH65
Elite_1F9,14,Elite Inbred lines,PI600957,LH74
Elite_1H2,19.6,Elite Inbred lines,PI601170,LH82
Elite_2D6,13.4,Elite Inbred lines,PI601405,LH85
Elite_1H3,14.7,Elite Inbred lines,PI601171,LH93
Elite_1D10,15,Elite Inbred lines,PI555650,LIBC 4
Elite_1F2,15.1,Elite Inbred lines,PI600755,LP1 CMS HT
Elite_1E12,14,Elite Inbred lines,PI600729,LP1 NR HT
Elite_2D2,17.7,Elite Inbred lines,PI601378,LP5
Elite_1C6,15.7,Elite Inbred lines,PI547107,Lp215D
Elite_1H8,12.3,Elite Inbred lines,PI601209,MBNA
Elite_2D12,16.8,Elite Inbred lines,PI601440,MBPM
Elite_1D4,14,Elite Inbred lines,PI548838,MBSJ
Elite_2G9,12.4,Elite Inbred lines,PI601566,MBST
Elite_1D5,16.3,Elite Inbred lines,PI548839,MBUB
Elite_1F8,12.3,Elite Inbred lines,PI600956,MDF-13D
Elite_1E10,12.3,Elite Inbred lines,PI583774,ML606
Elite_1D8,15,Elite Inbred lines,PI554615,MM402A
Elite_1B12,15.5,Elite Inbred lines,Mo17,Mo17
Elite_1C3,13.7,Elite Inbred lines,PI546485,NL001
Elite_1D12,13.9,Elite Inbred lines,PI559918,NQ508
Elite_2H8,12.7,Elite Inbred lines,PI601583,NS501
Elite_2D8,14.4,Elite Inbred lines,PI601417,NS701
Elite_2H9,12.6,Elite Inbred lines,PI601584,OQ603
Elite_2E1,16.4,Elite Inbred lines,PI601441,PB80
Elite_1E1,16.5,Elite Inbred lines,PI559935,PHBA6
Elite_2A2,14.9,Elite Inbred lines,PI601270,PHG29
Elite_1G6,13.6,Elite Inbred lines,PI601008,PHG35
Elite_1F12,13.8,Elite Inbred lines,PI600981,PHG39
Elite_2B2,15.1,Elite Inbred lines,PI601318,PHG47
Elite_1G4,14.3,Elite Inbred lines,PI601006,PHG50
Elite_1G12,12.6,Elite Inbred lines,PI601150,PHG71
Elite_2B3,14.6,Elite Inbred lines,PI601319,PHG72
Elite_1H11,13.8,Elite Inbred lines,PI601229,PHG83
Elite_2B4,15.1,Elite Inbred lines,PI601320,PHG84
Elite_2E2,15.4,Elite Inbred lines,PI601442,PHG86
Elite_2G10,13.4,Elite Inbred lines,PI601567,PHH93
Elite_3B3,13.9,Elite Inbred lines,PI601773,PHJ31
Elite_3B4,12.6,Elite Inbred lines,PI601774,PHJ33
Elite_2B5,12.2,Elite Inbred lines,PI601321,PHJ40
Elite_1B5,14,Elite Inbred lines,PI543840,PHJ65
Elite_3B5,17.8,Elite Inbred lines,PI601775,PHJ70
Elite_3B6,13.4,Elite Inbred lines,PI601776,PHJ75
Elite_1C7,13.8,Elite Inbred lines,PI548798,PHJ89
Elite_2E7,10.9,Elite Inbred lines,PI601467,PHK05
Elite_2E8,15.3,Elite Inbred lines,PI601468,PHK29
Elite_3B7,17,Elite Inbred lines,PI601777,PHK35
Elite_2F5,15.6,Elite Inbred lines,PI601495,PHK42
Elite_2F6,13.8,Elite Inbred lines,PI601496,PHK76
Elite_1C8,14.1,Elite Inbred lines,PI548800,PHK93
Elite_3B8,14.2,Elite Inbred lines,PI601778,PHM10
Elite_2G11,15.1,Elite Inbred lines,PI601568,PHM49
Elite_3B9,15,Elite Inbred lines,PI601779,PHM57
Elite_1C9,14.1,Elite Inbred lines,PI548801,PHM81
Elite_2F7,14.2,Elite Inbred lines,PI601497,PHN11
Elite_3B10,13.7,Elite Inbred lines,PI601780,PHN29
Elite_1B6,14.2,Elite Inbred lines,PI543843,PHN34
Elite_3B11,13,Elite Inbred lines,PI601781,PHN37
Elite_2G12,14.2,Elite Inbred lines,PI601569,PHN47
Elite_1C10,14.1,Elite Inbred lines,PI548802,PHN66
Elite_3C1,14.1,Elite Inbred lines,PI601782,PHN73
Elite_3C2,15.9,Elite Inbred lines,PI601783,PHN82
Elite_2H1,15.4,Elite Inbred lines,PI601570,PHP02
Elite_3C3,13.8,Elite Inbred lines,PI601784,PHP55
Elite_3C4,14.3,Elite Inbred lines,PI601785,PHP60
Elite_1B7,14.6,Elite Inbred lines,PI543846,PHP76
Elite_1E2,14,Elite Inbred lines,PI559944,PHP85
Elite_1E3,14.7,Elite Inbred lines,PI559945,PHPR5
Elite_2E9,16.7,Elite Inbred lines,PI601469,PHR25
Elite_1E4,13,Elite Inbred lines,PI559946,PHR30
Elite_2H2,14.1,Elite Inbred lines,PI601571,PHR32
Elite_2C7,13,Elite Inbred lines,PI601361,PHR36
Elite_2H3,14,Elite Inbred lines,PI601572,PHR47
Elite_1C11,15.8,Elite Inbred lines,PI548804,PHR55
Elite_1D1,13.2,Elite Inbred lines,PI548805,PHR58
Elite_3C5,14.8,Elite Inbred lines,PI601786,PHR62
Elite_3C6,16.7,Elite Inbred lines,PI601787,PHR63
Elite_2H4,14.8,Elite Inbred lines,PI601573,PHT10
Elite_3C7,15,Elite Inbred lines,PI601788,PHT22
Elite_2F8,15.8,Elite Inbred lines,PI601498,PHT55
Elite_2H5,12.9,Elite Inbred lines,PI601574,PHT60
Elite_1E5,13.7,Elite Inbred lines,PI559949,PHT69
Elite_2F9,13.4,Elite Inbred lines,PI601499,PHT77
Elite_1B8,13.9,Elite Inbred lines,PI543847,PHV07
Elite_3C8,15.3,Elite Inbred lines,PI601789,PHV37
Elite_1E6,13,Elite Inbred lines,PI559952,PHV53
Elite_2F10,16,Elite Inbred lines,PI601500,PHV63
Elite_2E10,14.2,Elite Inbred lines,PI601470,PHV78
Elite_1E7,14.3,Elite Inbred lines,PI559953,PHVA9
Elite_3C9,13.9,Elite Inbred lines,PI601790,PHW03
Elite_2C8,16.3,Elite Inbred lines,PI601362,PHW17
Elite_3C10,16.9,Elite Inbred lines,PI601791,PHW20
Elite_1D2,14.6,Elite Inbred lines,PI548808,PHW30
Elite_3C11,16.7,Elite Inbred lines,PI601792,PHW43
Elite_1B9,13.8,Elite Inbred lines,PI543849,PHW51
Elite_2H6,14.4,Elite Inbred lines,PI601575,PHW52
Elite_2F11,16.8,Elite Inbred lines,PI601501,PHW65
Elite_2H7,13.1,Elite Inbred lines,PI601576,PHW79
Elite_1E8,12.7,Elite Inbred lines,PI559954,PHWG5
Elite_2B6,12.6,Elite Inbred lines,PI601322,PHZ51
Elite_1H5,13.8,Elite Inbred lines,PI601190,Q381
Elite_1B4,16.4,Elite Inbred lines,PI539930,RS 710
Elite_2H11,15.8,Elite Inbred lines,PI601611,S8324
Elite_2H12,13.8,Elite Inbred lines,PI601612,S8326
Elite_1F1,10.8,Elite Inbred lines,PI600751,Seagull Seventeen
Elite_2F12,17.4,Elite Inbred lines,PI601502,W8304
Elite_3B1,17.1,Elite Inbred lines,PI601729,W8555
Elite_3A6,14.3,Elite Inbred lines,PI601689,WIL500
Elite_3A3,12.1,Elite Inbred lines,PI601684,WIL900
Elite_3A4,12.3,Elite Inbred lines,PI601685,WIL901
Elite_3A5,12.1,Elite Inbred lines,PI601686,WIL903
Elite_1E11,13.8,Elite Inbred lines,PI595616,ZS01250
XBSA_1A1,23,USDA germplasm,Ames12732,High KRN
XBSA_6A7,16,USDA germplasm,Ames12736,Random KRN
XBSA_1H2,20,USDA germplasm,Ames15667,High KRN
XBSA_1H3,21,USDA germplasm,Ames15668,High KRN
XBSA_4G1,9,USDA germplasm,Ames18999,Low KRN
XBSA_1A2,21,USDA germplasm,Ames21961,High KRN
XBSA_4A1,7,USDA germplasm,Ames21969,Low KRN
XBSA_4G2,7,USDA germplasm,Ames21971,Low KRN
XBSA_4G3,9,USDA germplasm,Ames21974,Low KRN
XBSA_4G4,8,USDA germplasm,Ames21976,Low KRN
XBSA_6A6,17,USDA germplasm,Ames21977,Random KRN
XBSA_6A5,12,USDA germplasm,Ames22012,Random KRN
XBSA_4H1,9,USDA germplasm,Ames22035,Low KRN
XBSA_4H2,9,USDA germplasm,Ames22049,Low KRN
XBSA_6H4,10,USDA germplasm,Ames22053,Random KRN
XBSA_4H3,9,USDA germplasm,Ames22054,Low KRN
XBSA_6H3,14,USDA germplasm,Ames22062,Random KRN
XBSA_4A2,6,USDA germplasm,Ames22640,Low KRN
XBSA_6H2,15,USDA germplasm,Ames22752,Random KRN
XBSA_6B5,15,USDA germplasm,Ames2337,Random KRN
XBSA_6H1,14,USDA germplasm,Ames23400,Random KRN
XBSA_1H4,20,USDA germplasm,Ames23428,High KRN
XBSA_4H4,8,USDA germplasm,Ames23478,Low KRN
XBSA_6G4,14,USDA germplasm,Ames23502,Random KRN
XBSA_4A5,9,USDA germplasm,Ames23506,Low KRN
XBSA_4A6,9,USDA germplasm,Ames23507,Low KRN
XBSA_4F1,8,USDA germplasm,Ames2355,Low KRN
XBSA_6G3,17,USDA germplasm,Ames24590,Random KRN
XBSA_6G2,13,USDA germplasm,Ames24731,Random KRN
XBSA_6G1,12,USDA germplasm,Ames24741,Random KRN
XBSA_4A7,9,USDA germplasm,Ames24975,Low KRN
XBSA_6F4,14,USDA germplasm,Ames25208,Random KRN
XBSA_6F3,16,USDA germplasm,Ames25216,Random KRN
XBSA_4A8,9,USDA germplasm,Ames25368,Low KRN
XBSA_4B5,9,USDA germplasm,Ames25369,Low KRN
XBSA_6F2,15,USDA germplasm,Ames25374,Random KRN
XBSA_1A5,21,USDA germplasm,Ames26004,High KRN
XBSA_6F1,15,USDA germplasm,Ames26754,Random KRN
XBSA_1A6,18.5,USDA germplasm,Ames26780,High KRN
XBSA_6E4,15,USDA germplasm,Ames26783,Random KRN
XBSA_4A3,8,USDA germplasm,Ames26976,Low KRN
XBSA_4A4,8,USDA germplasm,Ames26977,Low KRN
XBSA_4B6,9,USDA germplasm,Ames26978,Low KRN
XBSA_4B1,8,USDA germplasm,Ames27071,Low KRN
XBSA_1A7,20,USDA germplasm,Ames27117,High KRN
XBSA_1A8,20,USDA germplasm,Ames27136,High KRN
XBSA_1B5,19,USDA germplasm,Ames27159,High KRN
XBSA_1B6,19,USDA germplasm,Ames27160,High KRN
XBSA_6E3,13,USDA germplasm,Ames27177,Random KRN
XBSA_6E2,10,USDA germplasm,Ames27196,Random KRN
XBSA_4B7,9,USDA germplasm,Ames27258,Low KRN
XBSA_6E1,11,USDA germplasm,Ames27259,Random KRN
XBSA_4F2,8,USDA germplasm,Ames2753,Low KRN
XBSA_4F3,9,USDA germplasm,Ames2754,Low KRN
XBSA_4F4,8,USDA germplasm,Ames2757,Low KRN
XBSA_6D4,16,USDA germplasm,Ames28413,Random KRN
XBSA_1B7,21,USDA germplasm,Ames28771,High KRN
XBSA_1B8,19,USDA germplasm,Ames28772,High KRN
XBSA_1C5,19,USDA germplasm,Ames28941,High KRN
XBSA_6D3,15,USDA germplasm,Ames28942,Random KRN
XBSA_6D2,16,USDA germplasm,Ames28946,Random KRN
XBSA_1C6,19,USDA germplasm,Ames28948,High KRN
XBSA_6D1,15,USDA germplasm,Ames28951,Random KRN
XBSA_6C4,13,USDA germplasm,Ames28981,Random KRN
XBSA_6C3,15,USDA germplasm,Ames28983,Random KRN
XBSA_1C7,19,USDA germplasm,Ames29308,High KRN
XBSA_6A8,14,USDA germplasm,Ames3125,Random KRN
XBSA_6C2,17,USDA germplasm,CIze23,Random KRN
XBSA_1C8,19,USDA germplasm,CIze49,High KRN
XBSA_4D7,8,USDA germplasm,NSL202125,Low KRN
XBSA_7B2,16,USDA germplasm,NSL246154,Random KRN
XBSA_4D8,8,USDA germplasm,NSL250323,Low KRN
XBSA_7B1,13,USDA germplasm,NSL283388,Random KRN
XBSA_1F5,20,USDA germplasm,NSL283395,High KRN
XBSA_1D6,19,USDA germplasm,NSL28968,High KRN
XBSA_6C1,16,USDA germplasm,NSL29305,Random KRN
XBSA_6B4,13,USDA germplasm,NSL30054,Random KRN
XBSA_6B3,16,USDA germplasm,NSL30061,Random KRN
XBSA_1D7,19,USDA germplasm,NSL30874,High KRN
XBSA_1D8,19,USDA germplasm,NSL30876,High KRN
XBSA_1E5,19,USDA germplasm,NSL30880,High KRN
XBSA_1A3,22,USDA germplasm,NSL30903,High KRN
XBSA_4C7,9,USDA germplasm,NSL32721,Low KRN
XBSA_6B2,13,USDA germplasm,NSL32723,Random KRN
XBSA_4C8,9,USDA germplasm,NSL34753,Low KRN
XBSA_1E6,19,USDA germplasm,NSL42707,High KRN
XBSA_6B1,10,USDA germplasm,NSL42723,Random KRN
XBSA_4D5,8,USDA germplasm,NSL42730,Low KRN
XBSA_6A4,13,USDA germplasm,NSL42747,Random KRN
XBSA_1E7,19,USDA germplasm,NSL42751,High KRN
XBSA_6A3,17,USDA germplasm,NSL42805,Random KRN
XBSA_6A2,11,USDA germplasm,NSL42808,Random KRN
XBSA_1E8,19,USDA germplasm,NSL42809,High KRN
XBSA_1F6,18,USDA germplasm,NSL437896,High KRN
XBSA_7A4,15,USDA germplasm,NSL437897,Random KRN
XBSA_7A3,11,USDA germplasm,NSL437982,Random KRN
XBSA_1D5,21,USDA germplasm,NSL5613,High KRN
XBSA_4B8,9,USDA germplasm,NSL5623,Low KRN
XBSA_1A4,23,USDA germplasm,NSL5780,High KRN
XBSA_4C5,9,USDA germplasm,NSL6540,Low KRN
XBSA_6A1,16,USDA germplasm,NSL67796,Random KRN
XBSA_1B1,26,USDA germplasm,NSL6879,High KRN
XBSA_7B4,16,USDA germplasm,NSL73312,Random KRN
XBSA_7B3,16,USDA germplasm,NSL73323,Random KRN
XBSA_4C6,9,USDA germplasm,NSL8582,Low KRN
XBSA_4D6,9,USDA germplasm,NSL92578,Low KRN
XBSA_4E5,9,USDA germplasm,PI162573,Low KRN
XBSA_1F7,21,USDA germplasm,PI162575,High KRN
XBSA_1F8,20,USDA germplasm,PI166042,High KRN
XBSA_7A2,10,USDA germplasm,PI167955,Random KRN
XBSA_7A1,14,USDA germplasm,PI167963,Random KRN
XBSA_4E6,9,USDA germplasm,PI167972,Low KRN
XBSA_4E7,9,USDA germplasm,PI167977,Low KRN
XBSA_6H8,12,USDA germplasm,PI167984,Random KRN
XBSA_4E8,9,USDA germplasm,PI167991,Low KRN
XBSA_4F5,9,USDA germplasm,PI168001,Low KRN
XBSA_6H7,17,USDA germplasm,PI168008,Random KRN
XBSA_4F6,9,USDA germplasm,PI168045,Low KRN
XBSA_4F7,9,USDA germplasm,PI170882,Low KRN
XBSA_4F8,9,USDA germplasm,PI170883,Low KRN
XBSA_1G5,19,USDA germplasm,PI171908,High KRN
XBSA_6H6,14,USDA germplasm,PI171918,Random KRN
XBSA_4G5,9,USDA germplasm,PI172330,Low KRN
XBSA_4G6,9,USDA germplasm,PI172597,Low KRN
XBSA_4G7,9,USDA germplasm,PI175981,Low KRN
XBSA_1B2,22,USDA germplasm,PI176804,High KRN
XBSA_6H5,22,USDA germplasm,PI176804,Random KRN
XBSA_6G8,15,USDA germplasm,PI177620,Random KRN
XBSA_6G7,15,USDA germplasm,PI180231,Random KRN
XBSA_4G8,9,USDA germplasm,PI183639,Low KRN
XBSA_4H5,9,USDA germplasm,PI183735,Low KRN
XBSA_6G6,9,USDA germplasm,PI183748,Random KRN
XBSA_6G5,13,USDA germplasm,PI183810,Random KRN
XBSA_4H6,9,USDA germplasm,PI184284,Low KRN
XBSA_4H7,9,USDA germplasm,PI185048,Low KRN
XBSA_4H8,9,USDA germplasm,PI185061,Low KRN
XBSA_4A9,9,USDA germplasm,PI185072,Low KRN
XBSA_1G6,19,USDA germplasm,PI185618,High KRN
XBSA_4A10,9,USDA germplasm,PI185847,Low KRN
XBSA_4A11,9,USDA germplasm,PI185854,Low KRN
XBSA_3B8,9,USDA germplasm,PI185855,Low KRN
XBSA_1G7,20,USDA germplasm,PI186185,High KRN
XBSA_1G8,19,USDA germplasm,PI186198,High KRN
XBSA_6F8,11,USDA germplasm,PI186210,Random KRN
XBSA_1H5,21,USDA germplasm,PI186217,High KRN
XBSA_6F7,14,USDA germplasm,PI186219,Random KRN
XBSA_1H6,21,USDA germplasm,PI186226,High KRN
XBSA_1H7,21,USDA germplasm,PI193424,High KRN
XBSA_6F6,17,USDA germplasm,PI193432,Random KRN
XBSA_4B9,9,USDA germplasm,PI193435,Low KRN
XBSA_6F5,15,USDA germplasm,PI195113,Random KRN
XBSA_1H8,21,USDA germplasm,PI195234,High KRN
XBSA_4B10,9,USDA germplasm,PI198889,Low KRN
XBSA_1B3,22,USDA germplasm,PI198893,High KRN
XBSA_1A9,18,USDA germplasm,PI200181,High KRN
XBSA_6E8,16,USDA germplasm,PI200290,Random KRN
XBSA_4B11,9,USDA germplasm,PI200293,Low KRN
XBSA_6E7,11,USDA germplasm,PI200295,Random KRN
XBSA_6E6,11,USDA germplasm,PI200303,Random KRN
XBSA_3C8,9,USDA germplasm,PI201555,Low KRN
XBSA_4C9,9,USDA germplasm,PI201559,Low KRN
XBSA_1A11,18,USDA germplasm,PI201844,High KRN
XBSA_4C10,9,USDA germplasm,PI203329,Low KRN
XBSA_4C11,9,USDA germplasm,PI204791,Low KRN
XBSA_3D8,9,USDA germplasm,PI204792,Low KRN
XBSA_4D9,9,USDA germplasm,PI204795,Low KRN
XBSA_1A12,18,USDA germplasm,PI204802,High KRN
XBSA_6E5,15,USDA germplasm,PI204810,Random KRN
XBSA_6D8,12,USDA germplasm,PI204815,Random KRN
XBSA_6D7,15,USDA germplasm,PI204842,Random KRN
XBSA_1B9,18,USDA germplasm,PI208473,High KRN
XBSA_1B10,18,USDA germplasm,PI208913,High KRN
XBSA_6D6,13,USDA germplasm,PI209135,Random KRN
XBSA_4D10,9,USDA germplasm,PI210399,Low KRN
XBSA_1B11,19,USDA germplasm,PI213699,High KRN
XBSA_1B12,18,USDA germplasm,PI213702,High KRN
XBSA_1C9,21,USDA germplasm,PI213707,High KRN
XBSA_1C10,19,USDA germplasm,PI213708,High KRN
XBSA_1C11,19,USDA germplasm,PI213709,High KRN
XBSA_1C12,18,USDA germplasm,PI213710,High KRN
XBSA_1D9,20,USDA germplasm,PI213715,High KRN
XBSA_1D10,20,USDA germplasm,PI213716,High KRN
XBSA_1D11,19,USDA germplasm,PI213717,High KRN
XBSA_1D12,18,USDA germplasm,PI213718,High KRN
XBSA_1E9,19,USDA germplasm,PI213720,High KRN
XBSA_1E10,18,USDA germplasm,PI213722,High KRN
XBSA_1B4,23,USDA germplasm,PI213727,High KRN
XBSA_1E11,18,USDA germplasm,PI213742,High KRN
XBSA_4D11,9,USDA germplasm,PI213745,Low KRN
XBSA_4D12,9,USDA germplasm,PI213746,Low KRN
XBSA_4E9,9,USDA germplasm,PI213747,Low KRN
XBSA_4E10,9,USDA germplasm,PI213748,Low KRN
XBSA_4B2,6,USDA germplasm,PI213757,Low KRN
XBSA_4E11,9,USDA germplasm,PI213758,Low KRN
XBSA_4E12,9,USDA germplasm,PI213759,Low KRN
XBSA_4F9,9,USDA germplasm,PI213764,Low KRN
XBSA_4F10,9,USDA germplasm,PI213765,Low KRN
XBSA_4F11,9,USDA germplasm,PI213768,Low KRN
XBSA_4F12,9,USDA germplasm,PI213769,Low KRN
XBSA_4G9,9,USDA germplasm,PI213771,Low KRN
XBSA_4G10,8,USDA germplasm,PI213772,Low KRN
XBSA_4G11,9,USDA germplasm,PI213773,Low KRN
XBSA_6D5,10,USDA germplasm,PI213778,Random KRN
XBSA_4G12,9,USDA germplasm,PI213793,Low KRN
XBSA_4H9,9,USDA germplasm,PI213796,Low KRN
XBSA_4H10,9,USDA germplasm,PI213797,Low KRN
XBSA_4H11,9,USDA germplasm,PI213800,Low KRN
XBSA_4H12,8,USDA germplasm,PI213802,Low KRN
XBSA_5A1,9,USDA germplasm,PI213806,Low KRN
XBSA_5A2,9,USDA germplasm,PI213807,Low KRN
XBSA_5A3,9,USDA germplasm,PI213808,Low KRN
XBSA_5B1,9,USDA germplasm,PI213809,Low KRN
XBSA_5B2,8,USDA germplasm,PI213811,Low KRN
XBSA_1E12,18,USDA germplasm,PI214186,High KRN
XBSA_5B3,9,USDA germplasm,PI214187,Low KRN
XBSA_5B4,9,USDA germplasm,PI214194,Low KRN
XBSA_5C1,9,USDA germplasm,PI214195,Low KRN
XBSA_6C8,10,USDA germplasm,PI214200,Random KRN
XBSA_4B3,7,USDA germplasm,PI214201,Low KRN
XBSA_4B4,6,USDA germplasm,PI214203,Low KRN
XBSA_4C1,8,USDA germplasm,PI214279,Low KRN
XBSA_6C7,18,USDA germplasm,PI214288,Random KRN
XBSA_1F9,19,USDA germplasm,PI214290,High KRN
XBSA_1F10,19,USDA germplasm,PI214294,High KRN
XBSA_1C1,22,USDA germplasm,PI217406,High KRN
XBSA_5C2,8,USDA germplasm,PI217408,Low KRN
XBSA_4C2,7,USDA germplasm,PI217411,Low KRN
XBSA_5C3,9,USDA germplasm,PI217460,Low KRN
XBSA_5C4,9,USDA germplasm,PI217462,Low KRN
XBSA_5D1,9,USDA germplasm,PI217470,Low KRN
XBSA_5D2,9,USDA germplasm,PI217483,Low KRN
XBSA_6C6,10,USDA germplasm,PI217484,Random KRN
XBSA_5D3,9,USDA germplasm,PI217487,Low KRN
XBSA_5D4,9,USDA germplasm,PI217488,Low KRN
XBSA_6C5,12,USDA germplasm,PI218039,Random KRN
XBSA_1F11,20,USDA germplasm,PI218133,High KRN
XBSA_6B8,13,USDA germplasm,PI218156,Random KRN
XBSA_1F12,19,USDA germplasm,PI218158,High KRN
XBSA_1G9,18,USDA germplasm,PI218184,High KRN
XBSA_5E1,9,USDA germplasm,PI219880,Low KRN
XBSA_5E2,9,USDA germplasm,PI221737,Low KRN
XBSA_5E3,9,USDA germplasm,PI221738,Low KRN
XBSA_4C3,6,USDA germplasm,PI221739,Low KRN
XBSA_5E4,9,USDA germplasm,PI221741,Low KRN
XBSA_4C4,8,USDA germplasm,PI221747,Low KRN
XBSA_5F1,9,USDA germplasm,PI221794,Low KRN
XBSA_6B7,12,USDA germplasm,PI221822,Random KRN
XBSA_5F2,7,USDA germplasm,PI221829,Low KRN
XBSA_5F3,8,USDA germplasm,PI221830,Low KRN
XBSA_4D1,8,USDA germplasm,PI221831,Low KRN
XBSA_5F4,9,USDA germplasm,PI221833,Low KRN
XBSA_1G10,23,USDA germplasm,PI221834,High KRN
XBSA_6B6,10,USDA germplasm,PI221836,Random KRN
XBSA_1G11,21,USDA germplasm,PI221867,High KRN
XBSA_7C5,13,USDA germplasm,PI221872,Random KRN
XBSA_1G12,21,USDA germplasm,PI221885,High KRN
XBSA_1H10,19,USDA germplasm,PI221888,High KRN
XBSA_1H11,18,USDA germplasm,PI227398,High KRN
XBSA_5G1,9,USDA germplasm,PI227937,Low KRN
XBSA_5G2,9,USDA germplasm,PI228178,Low KRN
XBSA_1H12,18,USDA germplasm,PI232962,High KRN
XBSA_4D2,8,USDA germplasm,PI232963,Low KRN
XBSA_2A1,18,USDA germplasm,PI232966,High KRN
XBSA_7B8,13,USDA germplasm,PI232970,Random KRN
XBSA_2A2,19,USDA germplasm,PI233002,High KRN
XBSA_5G3,9,USDA germplasm,PI233316,Low KRN
XBSA_5G4,9,USDA germplasm,PI233317,Low KRN
XBSA_5H1,9,USDA germplasm,PI233318,Low KRN
XBSA_5H2,9,USDA germplasm,PI239101,Low KRN
XBSA_5H3,9,USDA germplasm,PI239104,Low KRN
XBSA_2A3,18,USDA germplasm,PI239107,High KRN
XBSA_5H4,9,USDA germplasm,PI239113,Low KRN
XBSA_2A4,18,USDA germplasm,PI240318,High KRN
XBSA_2B1,19,USDA germplasm,PI240328,High KRN
XBSA_5A5,9,USDA germplasm,PI245130,Low KRN
XBSA_2B2,18,USDA germplasm,PI250907,High KRN
XBSA_2B3,18,USDA germplasm,PI251646,High KRN
XBSA_2B4,18,USDA germplasm,PI251647,High KRN
XBSA_7B7,16,USDA germplasm,PI251649,Random KRN
XBSA_7B6,16,USDA germplasm,PI251657,Random KRN
XBSA_5A6,9,USDA germplasm,PI253811,Low KRN
XBSA_5A7,9,USDA germplasm,PI254855,Low KRN
XBSA_5A8,9,USDA germplasm,PI255975,Low KRN
XBSA_5B5,9,USDA germplasm,PI255979,Low KRN
XBSA_5B6,9,USDA germplasm,PI255985,Low KRN
XBSA_2C1,18,USDA germplasm,PI257517,High KRN
XBSA_7B5,12,USDA germplasm,PI257623,Random KRN
XBSA_5B7,9,USDA germplasm,PI262475,Low KRN
XBSA_5B8,9,USDA germplasm,PI262482,Low KRN
XBSA_7A8,13,USDA germplasm,PI262493,Random KRN
XBSA_2C2,18,USDA germplasm,PI262498,High KRN
XBSA_5C5,9,USDA germplasm,PI267156,Low KRN
XBSA_2C3,21,USDA germplasm,PI267174,High KRN
XBSA_2C4,20,USDA germplasm,PI267178,High KRN
XBSA_5C6,9,USDA germplasm,PI267208,Low KRN
XBSA_5C7,9,USDA germplasm,PI267214,Low KRN
XBSA_5C8,9,USDA germplasm,PI267217,Low KRN
XBSA_2D1,19,USDA germplasm,PI267223,High KRN
XBSA_7A7,14,USDA germplasm,PI270078,Random KRN
XBSA_5D5,9,USDA germplasm,PI270080,Low KRN
XBSA_2D2,18,USDA germplasm,PI275832,High KRN
XBSA_2D3,21,USDA germplasm,PI278712,High KRN
XBSA_2D4,19,USDA germplasm,PI278719,High KRN
XBSA_2E1,19,USDA germplasm,PI279016,High KRN
XBSA_5D6,9,USDA germplasm,PI279017,Low KRN
XBSA_5D7,9,USDA germplasm,PI279019,Low KRN
XBSA_7A6,11,USDA germplasm,PI279025,Random KRN
XBSA_5D8,9,USDA germplasm,PI279031,Low KRN
XBSA_5E5,9,USDA germplasm,PI291391,Low KRN
XBSA_4D3,8,USDA germplasm,PI296724,Low KRN
XBSA_5E6,9,USDA germplasm,PI298527,Low KRN
XBSA_2E2,20,USDA germplasm,PI303849,High KRN
XBSA_1C2,27,USDA germplasm,PI303852,High KRN
XBSA_7A5,14,USDA germplasm,PI303856,Random KRN
XBSA_2E3,18,USDA germplasm,PI303859,High KRN
XBSA_5E7,9,USDA germplasm,PI303871,Low KRN
XBSA_5E8,9,USDA germplasm,PI303880,Low KRN
XBSA_5F5,9,USDA germplasm,PI303891,Low KRN
XBSA_5F6,9,USDA germplasm,PI303896,Low KRN
XBSA_5F7,9,USDA germplasm,PI303897,Low KRN
XBSA_7H4,11,USDA germplasm,PI303906,Random KRN
XBSA_5F8,9,USDA germplasm,PI303908,Low KRN
XBSA_5G5,9,USDA germplasm,PI303918,Low KRN
XBSA_2E4,20,USDA germplasm,PI303929,High KRN
XBSA_5G6,9,USDA germplasm,PI311237,Low KRN
XBSA_5G7,9,USDA germplasm,PI311249,Low KRN
XBSA_2F1,24,USDA germplasm,PI311251,High KRN
XBSA_1C3,30,USDA germplasm,PI311252,High KRN
XBSA_2F2,19,USDA germplasm,PI311253,High KRN
XBSA_5G8,9,USDA germplasm,PI317675,Low KRN
XBSA_5H5,8,USDA germplasm,PI317681,Low KRN
XBSA_2F3,25,USDA germplasm,PI317683,High KRN
XBSA_1C4,28,USDA germplasm,PI317684,High KRN
XBSA_5H6,9,USDA germplasm,PI321108,Low KRN
XBSA_7H3,12,USDA germplasm,PI321110,Random KRN
XBSA_5H7,9,USDA germplasm,PI321111,Low KRN
XBSA_5H8,9,USDA germplasm,PI340818,Low KRN
XBSA_5A9,9,USDA germplasm,PI340828,Low KRN
XBSA_1D1,26,USDA germplasm,PI340840,High KRN
XBSA_7H2,13,USDA germplasm,PI340857,Random KRN
XBSA_2F4,18,USDA germplasm,PI340875,High KRN
XBSA_5A10,9,USDA germplasm,PI343178,Low KRN
XBSA_5A11,9,USDA germplasm,PI344757,Low KRN
XBSA_7H1,12,USDA germplasm,PI355023,Random KRN
XBSA_7G4,14,USDA germplasm,PI357102,Random KRN
XBSA_5A12,9,USDA germplasm,PI358283,Low KRN
XBSA_7G3,15,USDA germplasm,PI358527,Random KRN
XBSA_7G2,14,USDA germplasm,PI358528,Random KRN
XBSA_2G1,18,USDA germplasm,PI358546,High KRN
XBSA_5B9,9,USDA germplasm,PI358553,Low KRN
XBSA_5B10,9,USDA germplasm,PI358555,Low KRN
XBSA_2G2,18,USDA germplasm,PI358577,High KRN
XBSA_5B11,9,USDA germplasm,PI358581,Low KRN
XBSA_5B12,8,USDA germplasm,PI358585,Low KRN
XBSA_5C9,9,USDA germplasm,PI358586,Low KRN
XBSA_2G3,18,USDA germplasm,PI368836,High KRN
XBSA_2G4,19,USDA germplasm,PI368838,High KRN
XBSA_5C10,9,USDA germplasm,PI372157,Low KRN
XBSA_5C11,9,USDA germplasm,PI372163,Low KRN
XBSA_5C12,8,USDA germplasm,PI390842,Low KRN
XBSA_2H2,19,USDA germplasm,PI391413,High KRN
XBSA_2H3,20,USDA germplasm,PI391669,High KRN
XBSA_7G1,13,USDA germplasm,PI393705,Random KRN
XBSA_5D9,9,USDA germplasm,PI393732,Low KRN
XBSA_5D10,9,USDA germplasm,PI393744,Low KRN
XBSA_2H4,18,USDA germplasm,PI393753,High KRN
XBSA_5D11,9,USDA germplasm,PI393762,Low KRN
XBSA_5D12,9,USDA germplasm,PI393774,Low KRN
XBSA_5E9,9,USDA germplasm,PI393778,Low KRN
XBSA_5E10,8,USDA germplasm,PI401754,Low KRN
XBSA_4D4,6,USDA germplasm,PI401757,Low KRN
XBSA_2A5,19,USDA germplasm,PI401763,High KRN
XBSA_2A6,18,USDA germplasm,PI406114,High KRN
XBSA_5E11,9,USDA germplasm,PI406190,Low KRN
XBSA_2A7,19,USDA germplasm,PI406198,High KRN
XBSA_5E12,8,USDA germplasm,PI406201,Low KRN
XBSA_7F4,13,USDA germplasm,PI406202,Random KRN
XBSA_7F3,9,USDA germplasm,PI406208,Random KRN
XBSA_2A8,19,USDA germplasm,PI406225,High KRN
XBSA_5F9,9,USDA germplasm,PI415261,Low KRN
XBSA_5F10,9,USDA germplasm,PI415269,Low KRN
XBSA_1D2,22,USDA germplasm,PI420051,High KRN
XBSA_1D3,13,USDA germplasm,PI420244,High KRN
XBSA_5F11,8,USDA germplasm,PI433487,Low KRN
XBSA_5F12,9,USDA germplasm,PI433678,Low KRN
XBSA_7F2,14,USDA germplasm,PI443770,Random KRN
XBSA_7F1,13,USDA germplasm,PI443992,Random KRN
XBSA_7E4,15,USDA germplasm,PI444036,Random KRN
XBSA_7E3,11,USDA germplasm,PI444117,Random KRN
XBSA_7E2,14,USDA germplasm,PI445142,Random KRN
XBSA_7E1,11,USDA germplasm,PI445339,Random KRN
XBSA_7D4,12,USDA germplasm,PI445401,Random KRN
XBSA_7D3,12,USDA germplasm,PI445422,Random KRN
XBSA_7D2,12,USDA germplasm,PI445614,Random KRN
XBSA_2B5,20,USDA germplasm,PI452044,High KRN
XBSA_5G9,9,USDA germplasm,PI452051,Low KRN
XBSA_5G10,9,USDA germplasm,PI452052,Low KRN
XBSA_2B6,21,USDA germplasm,PI452058,High KRN
XBSA_7D1,16,USDA germplasm,PI467137,Random KRN
XBSA_2B7,21,USDA germplasm,PI467153,High KRN
XBSA_1D4,22,USDA germplasm,PI467169,High KRN
XBSA_1E1,24,USDA germplasm,PI467174,High KRN
XBSA_1E2,27,USDA germplasm,PI467178,High KRN
XBSA_2B8,21,USDA germplasm,PI467184,High KRN
XBSA_2C5,21,USDA germplasm,PI467186,High KRN
XBSA_2C6,19,USDA germplasm,PI467215,High KRN
XBSA_7C4,16,USDA germplasm,PI467218,Random KRN
XBSA_2C7,20,USDA germplasm,PI467245,High KRN
XBSA_2C8,23,USDA germplasm,PI467296,High KRN
XBSA_5G11,8,USDA germplasm,PI472021,Low KRN
XBSA_5G12,9,USDA germplasm,PI477512,Low KRN
XBSA_7C3,15,USDA germplasm,PI477567,Random KRN
XBSA_7C2,12,USDA germplasm,PI477583,Random KRN
XBSA_7C1,13,USDA germplasm,PI477595,Random KRN
XBSA_7C10,13,USDA germplasm,PI477606,Random KRN
XBSA_7C9,13,USDA germplasm,PI477644,Random KRN
XBSA_7B12,12,USDA germplasm,PI477712,Random KRN
XBSA_7B11,10,USDA germplasm,PI479118,Random KRN
XBSA_5H9,9,USDA germplasm,PI483087,Low KRN
XBSA_5H10,9,USDA germplasm,PI483088,Low KRN
XBSA_5H11,9,USDA germplasm,PI483560,Low KRN
XBSA_2D5,20,USDA germplasm,PI483654,High KRN
XBSA_2D6,18,USDA germplasm,PI483785,High KRN
XBSA_5H12,9,USDA germplasm,PI484704,Low KRN
XBSA_3A6,9,USDA germplasm,PI484718,Low KRN
XBSA_3B6,9,USDA germplasm,PI485336,Low KRN
XBSA_3C6,8,USDA germplasm,PI485353,Low KRN
XBSA_2D7,19,USDA germplasm,PI485612,High KRN
XBSA_3D6,9,USDA germplasm,PI487681,Low KRN
XBSA_2D8,22,USDA germplasm,PI487903,High KRN
XBSA_3E6,9,USDA germplasm,PI488696,Low KRN
XBSA_1E3,25,USDA germplasm,PI490820,High KRN
XBSA_7B10,11,USDA germplasm,PI490840,Random KRN
XBSA_7B9,12,USDA germplasm,PI492753,Random KRN
XBSA_3F6,9,USDA germplasm,PI492888,Low KRN
XBSA_4E1,7,USDA germplasm,PI492896,Low KRN
XBSA_7A12,11,USDA germplasm,PI492953,Random KRN
XBSA_3G6,9,USDA germplasm,PI492960,Low KRN
XBSA_3H6,9,USDA germplasm,PI494930,Low KRN
XBSA_3A7,9,USDA germplasm,PI494931,Low KRN
XBSA_3B7,9,USDA germplasm,PI494935,Low KRN
XBSA_7A11,10,USDA germplasm,PI494945,Random KRN
XBSA_3C7,8,USDA germplasm,PI494951,Low KRN
XBSA_7A10,9,USDA germplasm,PI494984,Random KRN
XBSA_7A9,12,USDA germplasm,PI498559,Random KRN
XBSA_7H8,13,USDA germplasm,PI498574,Random KRN
XBSA_7H7,10,USDA germplasm,PI498578,Random KRN
XBSA_2E5,19,USDA germplasm,PI498719,High KRN
XBSA_3D7,7,USDA germplasm,PI501190,Low KRN
XBSA_7H6,9,USDA germplasm,PI501192,Random KRN
XBSA_2E6,18,USDA germplasm,PI503367,High KRN
XBSA_7H5,13,USDA germplasm,PI503392,Random KRN
XBSA_7G8,9,USDA germplasm,PI503477,Random KRN
XBSA_1E4,23,USDA germplasm,PI503886,High KRN
XBSA_7G7,17,USDA germplasm,PI505502,Random KRN
XBSA_3E7,8,USDA germplasm,PI506133,Low KRN
XBSA_7G6,14,USDA germplasm,PI506147,Random KRN
XBSA_2E7,18,USDA germplasm,PI506153,High KRN
XBSA_7G5,14,USDA germplasm,PI506182,Random KRN
XBSA_2E8,18,USDA germplasm,PI506185,High KRN
XBSA_7F8,14,USDA germplasm,PI506212,Random KRN
XBSA_2F5,18,USDA germplasm,PI511309,High KRN
XBSA_7F7,14,USDA germplasm,PI511445,Random KRN
XBSA_7F6,14,USDA germplasm,PI511457,Random KRN
XBSA_7F5,14,USDA germplasm,PI511467,Random KRN
XBSA_2F6,18,USDA germplasm,PI511512,High KRN
XBSA_2F7,20,USDA germplasm,PI511519,High KRN
XBSA_2F8,21,USDA germplasm,PI511558,High KRN
XBSA_2G5,19,USDA germplasm,PI511571,High KRN
XBSA_7E8,10,USDA germplasm,PI511613,Random KRN
XBSA_2G6,19,USDA germplasm,PI511672,High KRN
XBSA_7E7,11,USDA germplasm,PI514720,Random KRN
XBSA_2G7,18,USDA germplasm,PI517973,High KRN
XBSA_7E6,15,USDA germplasm,PI520635,Random KRN
XBSA_2G8,18,USDA germplasm,PI520696,High KRN
XBSA_7E5,13,USDA germplasm,PI522260,Random KRN
XBSA_7D8,16,USDA germplasm,PI531459,Random KRN
XBSA_4E2,8,USDA germplasm,PI531481,Low KRN
XBSA_4E3,8,USDA germplasm,PI531484,Low KRN
XBSA_3F7,8,USDA germplasm,PI531497,Low KRN
XBSA_7D7,13,USDA germplasm,PI532314,Random KRN
XBSA_1F1,17,USDA germplasm,PI532766,High KRN
XBSA_2H5,18,USDA germplasm,PI532784,High KRN
XBSA_7D6,12,USDA germplasm,PI533659,Random KRN
XBSA_2H6,21,USDA germplasm,PI535914,High KRN
XBSA_7D5,10,USDA germplasm,PI538007,Random KRN
XBSA_2H7,18,USDA germplasm,PI538009,High KRN
XBSA_2H8,18,USDA germplasm,PI539869,High KRN
XBSA_7C8,11,USDA germplasm,PI539870,Random KRN
XBSA_2A9,18,USDA germplasm,PI539930,High KRN
XBSA_7C7,12,USDA germplasm,PI542683,Random KRN
XBSA_7C6,16,USDA germplasm,PI542948,Random KRN
XBSA_2A10,19,USDA germplasm,PI542957,High KRN
XBSA_6E10,16,USDA germplasm,PI542959,Random KRN
XBSA_2A11,19,USDA germplasm,PI550445,High KRN
XBSA_2B9,18,USDA germplasm,PI550457,High KRN
XBSA_6D10,14,USDA germplasm,PI550458,Random KRN
XBSA_6C10,15,USDA germplasm,PI550459,Random KRN
XBSA_2B10,18.5,USDA germplasm,PI550468,High KRN
XBSA_2B11,18,USDA germplasm,PI550478,High KRN
XBSA_2B12,18,USDA germplasm,PI550481,High KRN
XBSA_2C9,19,USDA germplasm,PI550505,High KRN
XBSA_2C10,20,USDA germplasm,PI550515,High KRN
XBSA_1F2,18,USDA germplasm,PI550567,High KRN
XBSA_1F3,18,USDA germplasm,PI550568,High KRN
XBSA_3G7,8,USDA germplasm,PI550573,Low KRN
XBSA_3H7,8,USDA germplasm,PI553054,Low KRN
XBSA_2C11,18,USDA germplasm,PI557562,High KRN
XBSA_2C12,18,USDA germplasm,PI561603,High KRN
XBSA_6B10,14,USDA germplasm,PI566665,Random KRN
XBSA_6A10,9,USDA germplasm,PI571749,Random KRN
XBSA_6H9,15,USDA germplasm,PI572001,Random KRN
XBSA_2D9,24,USDA germplasm,PI572224,High KRN
XBSA_6G9,14,USDA germplasm,PI586691,Random KRN
XBSA_6F9,21,USDA germplasm,PI586721,Random KRN
XBSA_1F4,26,USDA germplasm,PI586722,High KRN
XBSA_1G1,23,USDA germplasm,PI586723,High KRN
XBSA_2D10,18,USDA germplasm,PI586724,High KRN
XBSA_1G2,23,USDA germplasm,PI586725,High KRN
XBSA_2D11,21,USDA germplasm,PI586727,High KRN
XBSA_2D12,24,USDA germplasm,PI586729,High KRN
XBSA_2E9,22,USDA germplasm,PI586746,High KRN
XBSA_6E9,18,USDA germplasm,PI586747,Random KRN
XBSA_2E10,21,USDA germplasm,PI586749,High KRN
XBSA_6D9,11,USDA germplasm,PI587143,Random KRN
XBSA_3A8,8,USDA germplasm,PI587154,Low KRN
XBSA_6C9,17,USDA germplasm,PI592734,Random KRN
XBSA_6B9,13,USDA germplasm,PI593012,Random KRN
XBSA_6A9,14,USDA germplasm,PI594045,Random KRN
XBSA_2E11,19,USDA germplasm,PI594052,High KRN
XBSA_2E12,20,USDA germplasm,PI594053,High KRN
XBSA_2F9,18,USDA germplasm,PI594054,High KRN
XBSA_2F10,20,USDA germplasm,PI594057,High KRN
XBSA_2F11,20,USDA germplasm,PI594060,High KRN
XBSA_7H12,14,USDA germplasm,PI594062,Random KRN
XBSA_7H11,18,USDA germplasm,PI594064,Random KRN
XBSA_2F12,19,USDA germplasm,PI594074,High KRN
XBSA_2G9,21,USDA germplasm,PI594075,High KRN
XBSA_2G10,20,USDA germplasm,PI594076,High KRN
XBSA_2G11,20,USDA germplasm,PI595366,High KRN
XBSA_7H10,10,USDA germplasm,PI595563,Random KRN
XBSA_7H9,14,USDA germplasm,PI595567,Random KRN
XBSA_7G12,12,USDA germplasm,PI597925,Random KRN
XBSA_7G11,14,USDA germplasm,PI600981,Random KRN
XBSA_1G3,22,USDA germplasm,PI601170,High KRN
XBSA_2G12,19,USDA germplasm,PI601191,High KRN
XBSA_2H9,18,USDA germplasm,PI601230,High KRN
XBSA_2H10,18,USDA germplasm,PI601323,High KRN
XBSA_7G10,13,USDA germplasm,PI601361,Random KRN
XBSA_2H11,18,USDA germplasm,PI601378,High KRN
XBSA_7G9,12,USDA germplasm,PI601439,Random KRN
XBSA_3A1,19,USDA germplasm,PI601440,High KRN
XBSA_3A2,18,USDA germplasm,PI601441,High KRN
XBSA_3A3,18,USDA germplasm,PI601469,High KRN
XBSA_3A4,18,USDA germplasm,PI601502,High KRN
XBSA_7F12,16,USDA germplasm,PI601558,Random KRN
XBSA_3B1,18,USDA germplasm,PI601729,High KRN
XBSA_1G4,22,USDA germplasm,PI601775,High KRN
XBSA_3B2,18,USDA germplasm,PI601787,High KRN
XBSA_3B3,18,USDA germplasm,PI601792,High KRN
XBSA_3B4,18,USDA germplasm,PI602495,High KRN
XBSA_3C1,18,USDA germplasm,PI604606,High KRN
XBSA_7F11,13,USDA germplasm,PI607398,Random KRN
XBSA_3C2,20,USDA germplasm,PI607591,High KRN
XBSA_3C3,19,USDA germplasm,PI607592,High KRN
XBSA_3C4,18,USDA germplasm,PI607595,High KRN
XBSA_3D1,18,USDA germplasm,PI607601,High KRN
XBSA_4E4,NA,USDA germplasm,PI608472,Low KRN
XBSA_3D2,18,USDA germplasm,PI608473,High KRN
XBSA_7F10,14,USDA germplasm,PI608478,Random KRN
XBSA_3D3,19,USDA germplasm,PI608487,High KRN
XBSA_3D4,18,USDA germplasm,PI608489,High KRN
XBSA_3E1,19,USDA germplasm,PI608495,High KRN
XBSA_3E2,18,USDA germplasm,PI608500,High KRN
XBSA_3E3,18,USDA germplasm,PI608517,High KRN
XBSA_3E4,18,USDA germplasm,PI608518,High KRN
XBSA_3F1,18,USDA germplasm,PI608520,High KRN
XBSA_7F9,10,USDA germplasm,PI608524,Random KRN
XBSA_7E12,15,USDA germplasm,PI608538,Random KRN
XBSA_3F2,20,USDA germplasm,PI608539,High KRN
XBSA_7E11,14,USDA germplasm,PI608614,Random KRN
XBSA_3F3,22,USDA germplasm,PI608615,High KRN
XBSA_3F4,18,USDA germplasm,PI608631,High KRN
XBSA_3G2,18,USDA germplasm,PI608632,High KRN
XBSA_7E10,17,USDA germplasm,PI608637,Random KRN
XBSA_3G3,21,USDA germplasm,PI608644,High KRN
XBSA_3G4,18,USDA germplasm,PI608764,High KRN
XBSA_3H2,19,USDA germplasm,PI613071,High KRN
XBSA_3H3,19,USDA germplasm,PI619189,High KRN
XBSA_7E9,12,USDA germplasm,PI620857,Random KRN
XBSA_7D12,15,USDA germplasm,PI628405,Random KRN
XBSA_7D11,12,USDA germplasm,PI629247,Random KRN
XBSA_3H4,18,USDA germplasm,PI631444,High KRN
XBSA_3A5,18,USDA germplasm,PI634206,High KRN
XBSA_3B5,19,USDA germplasm,PI639050,High KRN
XBSA_7D10,17,USDA germplasm,PI639053,Random KRN
XBSA_7D9,13,USDA germplasm,PI639505,Random KRN
XBSA_7C12,12,USDA germplasm,PI641260,Random KRN
XBSA_3C5,19,USDA germplasm,PI642764,High KRN
XBSA_7C11,15,USDA germplasm,PI642765,Random KRN
XBSA_3D5,18,USDA germplasm,PI645772,High KRN
XBSA_3E5,21,USDA germplasm,PI648427,High KRN
XBSA_3F5,20,USDA germplasm,PI648428,High KRN
XBSA_1H1,23,USDA germplasm,PI648429,High KRN
XBSA_3G5,18,USDA germplasm,PI648431,High KRN
XBSA_3H5,18,USDA germplasm,PI648433,High KRN
BSLE_1A1,NA,BSLE,NA,C30SE
BSLE_1A10,NA,BSLE,NA,C30SE
BSLE_1A11,NA,BSLE,NA,C30SE
BSLE_1A12,NA,BSLE,NA,C30SE
BSLE_1A2,NA,BSLE,NA,C30SE
BSLE_1A3,NA,BSLE,NA,C30SE
BSLE_1A4,NA,BSLE,NA,C30SE
BSLE_1A5,NA,BSLE,NA,C30SE
BSLE_1A6,NA,BSLE,NA,C30SE
BSLE_1A7,NA,BSLE,NA,C30SE
BSLE_1A8,NA,BSLE,NA,C30SE
BSLE_1A9,NA,BSLE,NA,C30SE
BSLE_1B1,NA,BSLE,NA,C30SE
BSLE_1B10,NA,BSLE,NA,pBSLE
BSLE_1B11,NA,BSLE,NA,pBSLE
BSLE_1B12,NA,BSLE,NA,pBSLE
BSLE_1B2,NA,BSLE,NA,C30SE
BSLE_1B3,NA,BSLE,NA,C30SE
BSLE_1B4,NA,BSLE,NA,C30SE
BSLE_1B5,NA,BSLE,NA,C30SE
BSLE_1B6,NA,BSLE,NA,C30SE
BSLE_1B7,NA,BSLE,NA,C30SE
BSLE_1B8,NA,BSLE,NA,C30SE
BSLE_1B9,NA,BSLE,NA,pBSLE
BSLE_1C1,NA,BSLE,NA,C30SE
BSLE_1C10,NA,BSLE,NA,C30SE
BSLE_1C11,NA,BSLE,NA,C30SE
BSLE_1C12,NA,BSLE,NA,C30SE
BSLE_1C2,NA,BSLE,NA,C30SE
BSLE_1C3,NA,BSLE,NA,C30SE
BSLE_1C4,NA,BSLE,NA,C30SE
BSLE_1C5,NA,BSLE,NA,C30SE
BSLE_1C6,NA,BSLE,NA,C30SE
BSLE_1C7,NA,BSLE,NA,C30SE
BSLE_1C8,NA,BSLE,NA,C30SE
BSLE_1C9,NA,BSLE,NA,C30SE
BSLE_1D1,NA,BSLE,NA,C30SE
BSLE_1D10,NA,BSLE,NA,C30SE
BSLE_1D11,NA,BSLE,NA,C30SE
BSLE_1D12,NA,BSLE,NA,pBSLE
BSLE_1D2,NA,BSLE,NA,C30SE
BSLE_1D3,NA,BSLE,NA,C30SE
BSLE_1D4,NA,BSLE,NA,C30SE
BSLE_1D5,NA,BSLE,NA,C30SE
BSLE_1D6,NA,BSLE,NA,C30SE
BSLE_1D7,NA,BSLE,NA,C30SE
BSLE_1D8,NA,BSLE,NA,C30SE
BSLE_1D9,NA,BSLE,NA,C30SE
BSLE_1E1,NA,BSLE,NA,C30SE
BSLE_1E10,NA,BSLE,NA,C30SE
BSLE_1E11,NA,BSLE,NA,pBSLE
BSLE_1E12,NA,BSLE,NA,pBSLE
BSLE_1E2,NA,BSLE,NA,C30SE
BSLE_1E3,NA,BSLE,NA,C30SE
BSLE_1E4,NA,BSLE,NA,C30SE
BSLE_1E5,NA,BSLE,NA,C30SE
BSLE_1E6,NA,BSLE,NA,C30SE
BSLE_1E7,NA,BSLE,NA,C30SE
BSLE_1E8,NA,BSLE,NA,C30SE
BSLE_1E9,NA,BSLE,NA,C30SE
BSLE_1F1,NA,BSLE,NA,C30SE
BSLE_1F10,NA,BSLE,NA,C30SE
BSLE_1F11,NA,BSLE,NA,pBSLE
BSLE_1F12,NA,BSLE,NA,pBSLE
BSLE_1F2,NA,BSLE,NA,C30SE
BSLE_1F3,NA,BSLE,NA,C30SE
BSLE_1F4,NA,BSLE,NA,C30SE
BSLE_1F5,NA,BSLE,NA,C30SE
BSLE_1F6,NA,BSLE,NA,C30SE
BSLE_1F7,NA,BSLE,NA,C30SE
BSLE_1F8,NA,BSLE,NA,C30SE
BSLE_1F9,NA,BSLE,NA,C30SE
BSLE_1G1,NA,BSLE,NA,C30SE
BSLE_1G10,NA,BSLE,NA,C30SE
BSLE_1G11,NA,BSLE,NA,C30SE
BSLE_1G12,NA,BSLE,NA,C30SE
BSLE_1G2,NA,BSLE,NA,C30SE
BSLE_1G3,NA,BSLE,NA,C30SE
BSLE_1G4,NA,BSLE,NA,C30SE
BSLE_1G5,NA,BSLE,NA,C30SE
BSLE_1G6,NA,BSLE,NA,C30SE
BSLE_1G7,NA,BSLE,NA,C30SE
BSLE_1G8,NA,BSLE,NA,C30SE
BSLE_1G9,NA,BSLE,NA,C30SE
BSLE_1H1,NA,BSLE,NA,C30SE
BSLE_1H10,NA,BSLE,NA,pBSLE
BSLE_1H11,NA,BSLE,NA,C30SE
BSLE_1H12,NA,BSLE,NA,C30SE
BSLE_1H2,NA,BSLE,NA,C30SE
BSLE_1H3,NA,BSLE,NA,C30SE
BSLE_1H4,NA,BSLE,NA,C30SE
BSLE_1H5,NA,BSLE,NA,C30SE
BSLE_1H6,NA,BSLE,NA,C30SE
BSLE_1H7,NA,BSLE,NA,C30SE
BSLE_1H8,NA,BSLE,NA,C30SE
BSLE_1H9,NA,BSLE,NA,C30SE
BSLE_2A1,NA,BSLE,NA,C30SE
BSLE_2A10,NA,BSLE,NA,C30SE
BSLE_2A11,NA,BSLE,NA,pBSLE
BSLE_2A12,NA,BSLE,NA,pBSLE
BSLE_2A2,NA,BSLE,NA,C30SE
BSLE_2A3,NA,BSLE,NA,C30SE
BSLE_2A4,NA,BSLE,NA,C30SE
BSLE_2A5,NA,BSLE,NA,C30SE
BSLE_2A6,NA,BSLE,NA,C30SE
BSLE_2A7,NA,BSLE,NA,C30SE
BSLE_2A8,NA,BSLE,NA,C30SE
BSLE_2A9,NA,BSLE,NA,C30SE
BSLE_2B1,NA,BSLE,NA,C30SE
BSLE_2B10,NA,BSLE,NA,C30SE
BSLE_2B11,NA,BSLE,NA,pBSLE
BSLE_2B12,NA,BSLE,NA,pBSLE
BSLE_2B2,NA,BSLE,NA,C30SE
BSLE_2B3,NA,BSLE,NA,C30SE
BSLE_2B4,NA,BSLE,NA,C30SE
BSLE_2B5,NA,BSLE,NA,C30SE
BSLE_2B6,NA,BSLE,NA,C30SE
BSLE_2B7,NA,BSLE,NA,C30SE
BSLE_2B8,NA,BSLE,NA,C30SE
BSLE_2B9,NA,BSLE,NA,C30SE
BSLE_2C1,NA,BSLE,NA,C30LE
BSLE_2C10,NA,BSLE,NA,C30LE
BSLE_2C11,NA,BSLE,NA,pBSLE
BSLE_2C12,NA,BSLE,NA,pBSLE
BSLE_2C2,NA,BSLE,NA,C30LE
BSLE_2C3,NA,BSLE,NA,C30LE
BSLE_2C4,NA,BSLE,NA,C30LE
BSLE_2C5,NA,BSLE,NA,C30LE
BSLE_2C6,NA,BSLE,NA,C30LE
BSLE_2C7,NA,BSLE,NA,C30LE
BSLE_2C8,NA,BSLE,NA,C30LE
BSLE_2C9,NA,BSLE,NA,C30LE
BSLE_2D1,NA,BSLE,NA,C30LE
BSLE_2D10,NA,BSLE,NA,C30LE
BSLE_2D11,NA,BSLE,NA,pBSLE
BSLE_2D12,NA,BSLE,NA,pBSLE
BSLE_2D2,NA,BSLE,NA,C30LE
BSLE_2D3,NA,BSLE,NA,C30LE
BSLE_2D4,NA,BSLE,NA,C30LE
BSLE_2D5,NA,BSLE,NA,C30LE
BSLE_2D6,NA,BSLE,NA,C30LE
BSLE_2D7,NA,BSLE,NA,C30LE
BSLE_2D8,NA,BSLE,NA,C30LE
BSLE_2D9,NA,BSLE,NA,C30LE
BSLE_2E1,NA,BSLE,NA,C30LE
BSLE_2E10,NA,BSLE,NA,pBSLE
BSLE_2E11,NA,BSLE,NA,pBSLE
BSLE_2E12,NA,BSLE,NA,C30LE
BSLE_2E2,NA,BSLE,NA,C30LE
BSLE_2E3,NA,BSLE,NA,C30LE
BSLE_2E4,NA,BSLE,NA,C30LE
BSLE_2E5,NA,BSLE,NA,C30LE
BSLE_2E6,NA,BSLE,NA,C30LE
BSLE_2E7,NA,BSLE,NA,C30LE
BSLE_2E8,NA,BSLE,NA,C30LE
BSLE_2E9,NA,BSLE,NA,C30LE
BSLE_2F1,NA,BSLE,NA,C30LE
BSLE_2F10,NA,BSLE,NA,C30LE
BSLE_2F11,NA,BSLE,NA,C30LE
BSLE_2F12,NA,BSLE,NA,C30LE
BSLE_2F2,NA,BSLE,NA,C30LE
BSLE_2F3,NA,BSLE,NA,C30LE
BSLE_2F4,NA,BSLE,NA,C30LE
BSLE_2F5,NA,BSLE,NA,C30LE
BSLE_2F6,NA,BSLE,NA,C30LE
BSLE_2F7,NA,BSLE,NA,C30LE
BSLE_2F8,NA,BSLE,NA,C30LE
BSLE_2F9,NA,BSLE,NA,C30LE
BSLE_2G1,NA,BSLE,NA,C30LE
BSLE_2G10,NA,BSLE,NA,C30LE
BSLE_2G11,NA,BSLE,NA,C30LE
BSLE_2G12,NA,BSLE,NA,C30LE
BSLE_2G2,NA,BSLE,NA,C30LE
BSLE_2G3,NA,BSLE,NA,C30LE
BSLE_2G4,NA,BSLE,NA,C30LE
BSLE_2G5,NA,BSLE,NA,C30LE
BSLE_2G6,NA,BSLE,NA,C30LE
BSLE_2G7,NA,BSLE,NA,C30LE
BSLE_2G8,NA,BSLE,NA,C30LE
BSLE_2G9,NA,BSLE,NA,C30LE
BSLE_2H1,NA,BSLE,NA,C30LE
BSLE_2H10,NA,BSLE,NA,C30LE
BSLE_2H11,NA,BSLE,NA,C30LE
BSLE_2H12,NA,BSLE,NA,C30LE
BSLE_2H2,NA,BSLE,NA,C30LE
BSLE_2H3,NA,BSLE,NA,C30LE
BSLE_2H4,NA,BSLE,NA,C30LE
BSLE_2H5,NA,BSLE,NA,C30LE
BSLE_2H6,NA,BSLE,NA,C30LE
BSLE_2H7,NA,BSLE,NA,C30LE
BSLE_2H8,NA,BSLE,NA,C30LE
BSLE_2H9,NA,BSLE,NA,C30LE
BSLE_3A1,NA,BSLE,NA,C30LE
BSLE_3A10,NA,BSLE,NA,C30LE
BSLE_3A11,NA,BSLE,NA,C30LE
BSLE_3A12,NA,BSLE,NA,C30LE
BSLE_3A2,NA,BSLE,NA,C30LE
BSLE_3A3,NA,BSLE,NA,C30LE
BSLE_3A4,NA,BSLE,NA,C30LE
BSLE_3A5,NA,BSLE,NA,C30LE
BSLE_3A6,NA,BSLE,NA,C30LE
BSLE_3A7,NA,BSLE,NA,C30LE
BSLE_3A8,NA,BSLE,NA,C30LE
BSLE_3A9,NA,BSLE,NA,C30LE
BSLE_3B1,NA,BSLE,NA,C30LE
BSLE_3B10,NA,BSLE,NA,C30LE
BSLE_3B11,NA,BSLE,NA,C30LE
BSLE_3B12,NA,BSLE,NA,C30LE
BSLE_3B2,NA,BSLE,NA,C30LE
BSLE_3B3,NA,BSLE,NA,C30LE
BSLE_3B4,NA,BSLE,NA,C30LE
BSLE_3B5,NA,BSLE,NA,C30LE
BSLE_3B6,NA,BSLE,NA,C30LE
BSLE_3B7,NA,BSLE,NA,C30LE
BSLE_3B8,NA,BSLE,NA,C30LE
BSLE_3B9,NA,BSLE,NA,C30LE
BSLE_3C1,NA,BSLE,NA,C30LE
BSLE_3C10,NA,BSLE,NA,C30LE
BSLE_3C11,NA,BSLE,NA,C30LE
BSLE_3C12,NA,BSLE,NA,C30LE
BSLE_3C2,NA,BSLE,NA,C30LE
BSLE_3C3,NA,BSLE,NA,C30LE
BSLE_3C4,NA,BSLE,NA,C30LE
BSLE_3C5,NA,BSLE,NA,C30LE
BSLE_3C6,NA,BSLE,NA,C30LE
BSLE_3C7,NA,BSLE,NA,C30LE
BSLE_3C8,NA,BSLE,NA,C30LE
BSLE_3C9,NA,BSLE,NA,C30LE
BSLE_3D1,NA,BSLE,NA,C30LE
BSLE_3D10,NA,BSLE,NA,C30LE
BSLE_3D11,NA,BSLE,NA,C30LE
BSLE_3D12,NA,BSLE,NA,C30LE
BSLE_3D2,NA,BSLE,NA,C30LE
BSLE_3D3,NA,BSLE,NA,C30LE
BSLE_3D4,NA,BSLE,NA,C30LE
BSLE_3D5,NA,BSLE,NA,C30LE
BSLE_3D6,NA,BSLE,NA,C30LE
BSLE_3D7,NA,BSLE,NA,C30LE
BSLE_3D8,NA,BSLE,NA,C30LE
BSLE_3D9,NA,BSLE,NA,C30LE
BSLE_3E1,NA,BSLE,NA,C0
BSLE_3E10,NA,BSLE,NA,C0
BSLE_3E11,NA,BSLE,NA,C0
BSLE_3E12,NA,BSLE,NA,C0
BSLE_3E2,NA,BSLE,NA,C0
BSLE_3E3,NA,BSLE,NA,C0
BSLE_3E4,NA,BSLE,NA,C0
BSLE_3E5,NA,BSLE,NA,C0
BSLE_3E6,NA,BSLE,NA,C0
BSLE_3E7,NA,BSLE,NA,C0
BSLE_3E8,NA,BSLE,NA,C0
BSLE_3E9,NA,BSLE,NA,C0
BSLE_3F1,NA,BSLE,NA,C0
BSLE_3F10,NA,BSLE,NA,C0
BSLE_3F11,NA,BSLE,NA,C0
BSLE_3F12,NA,BSLE,NA,C0
BSLE_3F2,NA,BSLE,NA,C0
BSLE_3F3,NA,BSLE,NA,C0
BSLE_3F4,NA,BSLE,NA,C0
BSLE_3F5,NA,BSLE,NA,C0
BSLE_3F6,NA,BSLE,NA,C0
BSLE_3F7,NA,BSLE,NA,C0
BSLE_3F8,NA,BSLE,NA,C0
BSLE_3F9,NA,BSLE,NA,C0
BSLE_3G1,NA,BSLE,NA,C0
BSLE_3G10,NA,BSLE,NA,C0
BSLE_3G11,NA,BSLE,NA,C0
BSLE_3G12,NA,BSLE,NA,C0
BSLE_3G2,NA,BSLE,NA,C0
BSLE_3G3,NA,BSLE,NA,C0
BSLE_3G4,NA,BSLE,NA,C0
BSLE_3G5,NA,BSLE,NA,C0
BSLE_3G6,NA,BSLE,NA,C0
BSLE_3G7,NA,BSLE,NA,C0
BSLE_3G8,NA,BSLE,NA,C0
BSLE_3G9,NA,BSLE,NA,C0
BSLE_3H1,NA,BSLE,NA,pBSLE
BSLE_3H10,NA,BSLE,NA,pBSLE
BSLE_3H11,NA,BSLE,NA,NA
BSLE_3H12,NA,BSLE,NA,NA
BSLE_3H2,NA,BSLE,NA,pBSLE
BSLE_3H3,NA,BSLE,NA,pBSLE
BSLE_3H4,NA,BSLE,NA,pBSLE
BSLE_3H5,NA,BSLE,NA,pBSLE
BSLE_3H6,NA,BSLE,NA,pBSLE
BSLE_3H7,NA,BSLE,NA,pBSLE
BSLE_3H8,NA,BSLE,NA,pBSLE
BSLE_3H9,NA,BSLE,NA,pBSLE